,0,1,2,3,4,5,6,7,8,9,10,11,12,13,14,15,16,17,18,19,20,21,22,23,24,25,26,27,28,29,30,31,32,33,34,35,36,37,38,39,40,41,42,43,44,45,46,47,48,49,50,51,52,53,54,55,56,57,58,59,60,61,62,63,64,65,66,67,68,69,70,71,72,73,74,75,76,77,78,79,80,81,82,83,84,85,86,87,88,89,90,91,92,93,94,95,96,97,98,99,100,101,102,103,104,105,106,107,108,109,110,111,112,113,114,115,116,117,118,119
0,0,0,0,0,0,0,0,0,0,0,0,0,0,0,76,76,76,76,76,76,76,76,76,76,76,76,0,0,0,0,0,0,0,0,0,0,0,0,0,0,0,0,0,0,0,0,0,0,0,0,0,0,0,0,0,0,0,0,0,54,54,54,54,54,54,54,54,54,54,54,54,54,0,0,0,0,0,0,0,0,0,0,0,0,0,0,0,0,0,0,0,0,0,0,0,0,0,0,0,0,0,0,0,0,82,82,82,82,82,82,0,0,0,0,0,0,0,0,0,0
1,0,0,0,0,0,0,0,0,0,0,0,0,0,0,76,76,76,76,76,76,76,76,76,76,76,0,0,0,0,0,0,0,0,0,0,0,0,0,0,0,0,0,0,0,0,0,0,0,0,0,0,0,0,0,0,0,0,0,0,54,54,54,54,54,54,54,54,54,54,54,54,54,0,0,0,0,0,0,0,0,0,0,0,0,0,0,0,0,0,0,0,0,0,0,0,0,0,0,0,0,0,0,0,82,82,82,82,82,82,82,82,0,0,0,0,0,0,0,0,0
2,34,34,34,0,0,0,0,0,0,0,0,0,0,0,0,76,76,76,76,76,76,76,76,76,0,0,91,91,91,91,91,91,0,0,0,0,0,0,0,0,0,0,0,0,0,0,0,0,0,0,0,0,0,0,0,0,0,0,0,0,54,54,54,54,54,54,54,54,54,54,54,0,0,0,0,0,0,0,0,0,18,18,18,18,0,0,0,0,0,0,0,0,0,0,0,0,0,0,0,0,0,0,0,82,82,82,82,82,82,82,82,82,0,0,0,0,0,0,0,0
3,34,34,34,34,34,0,0,0,0,0,0,0,0,0,0,0,76,76,76,76,76,76,0,0,0,91,91,91,91,91,91,91,91,91,0,0,0,0,0,0,0,0,0,0,0,0,0,0,0,0,0,0,0,0,0,0,0,0,0,0,0,54,54,54,54,54,54,54,54,54,54,0,0,0,0,0,0,0,0,18,18,18,18,18,18,0,0,0,0,88,88,88,88,88,0,0,0,0,0,0,0,0,82,82,82,82,82,82,82,82,82,82,0,0,0,0,0,0,0,0
4,34,34,34,34,34,34,34,0,0,0,0,0,0,0,0,0,0,0,76,76,76,76,0,0,0,91,91,91,91,91,91,91,91,91,91,0,0,0,0,0,0,0,0,0,0,0,0,0,0,0,0,0,0,0,0,0,0,0,0,0,0,54,54,54,54,54,54,54,54,54,54,0,0,0,0,0,0,0,18,18,18,18,18,18,18,18,0,0,88,88,88,88,88,88,88,0,0,0,0,0,0,0,82,82,82,82,82,82,82,82,82,82,0,0,0,0,0,0,0,0
5,34,34,34,34,34,34,34,34,0,0,0,0,0,0,0,0,0,0,0,76,76,0,0,0,91,91,91,91,91,91,91,91,91,91,91,0,0,0,0,0,0,0,0,0,0,0,0,0,0,0,0,0,0,0,0,0,0,0,0,0,0,0,54,54,54,54,54,54,54,54,45,45,45,0,0,0,0,18,18,18,18,18,18,18,18,18,0,88,88,88,88,88,88,88,88,88,0,0,0,0,0,0,82,82,82,82,82,82,82,82,82,82,0,0,0,0,0,0,0,0
6,34,34,34,34,34,34,34,34,0,0,0,0,0,0,0,0,0,0,0,0,0,0,0,91,91,91,91,91,91,91,91,91,91,91,91,0,0,0,0,0,0,0,0,0,0,0,0,0,0,0,0,0,0,0,0,0,0,0,0,0,0,0,0,0,54,54,54,0,45,45,45,45,45,45,0,0,0,18,18,18,18,18,18,18,18,18,88,88,88,88,88,88,88,88,88,88,88,0,0,0,0,0,82,82,82,82,82,82,82,82,82,82,0,0,0,0,0,0,0,0
7,34,34,34,34,34,34,34,34,0,0,0,0,0,0,0,0,0,0,0,0,0,0,0,91,91,91,91,91,91,91,91,91,91,91,91,0,0,0,0,0,0,0,0,0,0,0,0,0,0,0,0,0,0,0,0,0,0,0,0,0,0,0,0,0,0,0,0,45,45,45,45,45,45,45,45,0,0,18,18,18,18,18,18,18,18,18,88,88,88,88,88,88,88,88,88,88,88,0,0,0,0,0,0,82,82,82,82,82,82,82,82,0,0,0,0,0,0,0,0,0
8,34,34,34,34,34,34,34,34,0,0,0,0,0,0,0,0,0,0,0,0,0,0,0,91,91,91,91,91,91,91,91,91,91,91,91,0,0,0,0,0,0,0,0,0,0,0,0,0,0,0,14,14,14,14,14,0,0,0,0,0,0,0,0,0,0,0,45,45,45,45,45,45,45,45,45,0,0,18,18,18,18,18,18,18,18,18,88,88,88,88,88,88,88,88,88,88,88,0,0,0,0,0,0,82,82,82,82,82,82,82,0,0,0,0,0,0,0,0,0,0
9,34,34,34,34,34,34,34,34,81,81,81,81,0,0,0,0,0,0,0,0,0,0,0,0,91,91,91,91,91,91,91,91,91,91,91,0,0,0,0,0,0,0,0,0,0,0,0,0,0,14,14,14,14,14,14,14,14,0,0,0,0,0,0,0,0,0,45,45,45,45,45,45,45,45,45,45,0,18,18,18,18,18,18,18,18,18,88,88,88,88,88,88,88,88,88,88,88,0,24,24,24,24,0,0,82,82,82,82,0,0,0,0,0,0,0,0,0,0,0,0
10,34,34,34,34,34,81,81,81,81,81,81,81,81,0,0,0,0,0,0,0,0,0,0,0,0,91,91,91,91,91,91,91,91,91,0,0,0,0,0,0,0,0,0,0,0,0,0,0,0,14,14,14,14,14,14,14,14,14,0,0,0,0,0,0,0,0,45,45,45,45,45,45,45,45,45,45,0,0,18,18,18,18,18,18,18,18,0,88,88,88,88,88,88,88,88,88,0,24,24,24,24,24,24,24,0,0,0,0,0,0,0,0,63,63,63,63,63,0,0,0
11,0,34,34,0,81,81,81,81,81,81,81,81,81,81,0,0,0,0,0,0,0,0,0,0,0,0,0,91,91,91,91,91,0,0,0,0,0,0,0,0,0,0,0,0,0,0,0,0,0,14,14,14,14,14,14,14,14,14,14,0,0,0,0,0,0,0,0,45,45,45,45,45,45,45,45,45,0,0,0,18,18,18,18,18,18,0,0,88,88,88,88,88,88,88,88,0,24,24,24,24,24,24,24,24,24,0,0,0,0,0,0,63,63,63,63,63,63,63,0,0
12,0,0,0,0,81,81,81,81,81,81,81,81,81,81,81,0,0,0,0,0,0,0,0,0,0,0,0,0,91,91,91,0,0,0,0,0,0,0,0,0,0,0,0,0,0,0,0,0,0,14,14,14,14,14,14,14,14,14,14,14,0,0,0,0,0,0,0,45,45,45,45,45,45,45,45,0,0,0,0,0,0,0,0,0,0,0,0,0,88,88,88,88,88,88,0,0,24,24,24,24,24,24,24,24,24,0,0,0,0,0,63,63,63,63,63,63,63,63,63,0
13,0,0,0,0,81,81,81,81,81,81,81,81,81,81,81,81,0,0,0,0,0,0,0,0,0,0,0,0,0,0,0,0,0,0,0,0,0,0,0,0,0,0,0,0,0,0,0,0,0,14,14,14,14,14,14,14,14,14,14,14,0,0,0,0,0,0,0,0,45,45,45,45,45,45,45,0,0,0,0,0,0,0,0,0,0,0,0,0,0,0,0,0,0,0,0,0,24,24,24,24,24,24,24,24,24,0,0,0,0,63,63,63,63,63,63,63,63,63,63,63
14,0,0,0,0,81,81,81,81,81,81,81,81,81,81,81,81,0,0,0,0,0,0,0,0,0,0,38,38,38,38,38,38,38,0,0,0,0,0,0,0,0,0,0,0,0,0,0,0,0,14,14,14,14,14,14,14,14,14,14,14,0,0,0,0,0,0,0,0,0,45,45,45,45,45,0,0,0,0,0,0,0,0,0,0,0,0,0,0,0,0,0,0,0,0,0,0,24,24,24,24,24,24,24,24,0,0,0,0,0,63,63,63,63,63,63,63,63,63,63,63
15,0,0,0,0,81,81,81,81,81,81,81,81,81,81,81,81,0,0,0,0,0,0,0,0,0,38,38,38,38,38,38,38,38,38,0,0,0,0,0,0,0,0,0,0,0,0,0,0,0,14,14,14,14,14,14,14,14,14,14,14,0,0,0,0,0,0,0,0,0,0,0,0,0,0,0,0,0,0,0,0,0,0,0,0,0,0,0,0,0,0,0,0,0,0,0,0,0,24,24,24,24,24,24,0,0,0,0,0,0,63,63,63,63,63,63,63,63,63,63,63
16,0,0,0,0,81,81,81,81,81,81,81,81,81,81,81,0,0,0,0,0,0,0,0,0,38,38,38,38,38,38,38,38,38,38,0,0,0,0,0,0,0,0,0,0,0,0,0,0,0,0,14,14,14,14,14,14,14,14,14,14,0,0,0,0,0,0,0,0,0,0,0,0,0,0,0,0,0,0,0,0,0,0,0,0,0,0,0,0,0,0,0,0,0,0,0,0,0,0,0,24,24,24,0,0,0,0,0,0,0,63,63,63,63,63,63,63,63,63,63,63
17,0,0,0,0,81,81,81,81,81,81,81,81,81,81,81,0,0,0,0,0,0,0,0,0,38,38,38,38,38,38,38,38,38,38,0,0,0,0,0,0,0,0,0,0,0,0,0,0,0,0,0,14,14,14,14,14,14,14,14,0,0,0,0,0,0,0,0,0,0,0,0,0,0,0,0,0,0,0,0,0,0,0,0,0,0,0,0,0,0,0,0,0,0,0,0,0,42,42,42,42,42,42,42,0,0,0,0,0,0,63,63,63,63,63,63,63,63,63,63,63
18,0,0,0,0,0,81,81,81,81,81,81,81,81,0,0,0,0,0,0,0,0,0,0,0,38,38,38,38,38,38,38,38,38,38,0,0,0,0,0,0,0,0,0,0,0,0,0,0,0,0,0,0,14,14,14,14,14,14,0,0,0,0,0,0,0,0,0,0,0,0,0,0,0,0,0,0,0,0,0,0,0,0,0,0,0,0,0,0,0,0,0,0,0,0,0,42,42,42,42,42,42,42,42,42,0,0,0,0,0,0,63,63,63,63,63,63,63,63,63,0
19,0,0,0,0,0,0,81,81,81,81,8,8,8,8,8,8,0,0,0,0,0,0,0,0,38,38,38,38,38,38,38,38,38,0,0,0,0,0,0,0,0,0,0,0,0,0,0,0,0,0,0,0,0,14,14,14,14,0,0,0,0,0,0,0,0,0,0,0,0,0,0,0,0,0,0,0,0,0,0,0,0,0,0,0,0,0,0,0,0,0,0,0,0,0,0,42,42,42,42,42,42,42,42,42,42,0,0,0,0,0,0,0,0,0,63,63,63,63,0,0
20,0,0,0,0,0,0,0,0,8,8,8,8,8,8,8,8,8,0,0,0,0,0,0,0,38,38,38,38,38,38,38,38,38,0,0,0,0,0,0,0,0,0,0,0,0,0,0,0,0,0,0,0,30,30,30,30,30,0,0,0,0,0,0,0,0,0,0,0,0,0,0,0,0,0,0,0,0,0,0,0,0,0,0,0,0,0,0,0,0,0,0,0,0,0,0,42,42,42,42,42,42,42,42,42,42,42,0,0,0,0,0,0,0,0,0,0,0,0,0,0
21,0,0,0,0,0,0,0,0,8,8,8,8,8,8,8,8,8,0,0,0,0,0,0,0,0,38,38,38,38,38,38,38,0,43,43,43,43,0,0,0,0,0,0,0,0,0,0,0,0,0,0,30,30,30,30,30,30,30,0,0,0,0,0,0,0,0,0,0,0,0,0,0,0,0,0,0,0,0,0,0,0,0,0,0,3,3,3,3,3,0,0,0,0,0,0,42,42,42,42,42,42,42,42,42,42,42,0,0,0,0,0,0,0,0,0,0,0,0,0,0
22,0,0,0,0,0,0,0,8,8,8,8,8,8,8,8,8,8,8,0,0,0,0,0,0,0,0,38,38,38,38,0,0,43,43,43,43,43,43,0,0,0,0,0,0,0,0,0,0,0,0,0,30,30,30,30,30,30,30,30,0,0,0,0,0,0,0,0,0,0,0,0,0,0,0,0,0,0,0,0,0,0,0,3,3,3,3,3,3,3,3,0,0,0,0,0,42,42,42,42,42,42,42,42,42,42,42,0,0,0,0,0,0,0,0,0,0,0,0,0,0
23,0,0,0,0,0,0,0,8,8,8,8,8,8,8,8,8,8,8,0,0,0,0,0,0,0,0,0,0,0,0,0,0,43,43,43,43,43,43,43,0,0,0,0,0,32,32,32,32,0,0,30,30,30,30,30,30,30,30,30,30,0,0,0,0,0,0,0,0,0,0,0,0,0,0,0,0,0,0,0,0,0,3,3,3,3,3,3,3,3,3,3,0,0,0,0,42,42,42,42,42,42,42,42,42,42,0,0,0,0,0,0,0,0,0,0,0,0,0,0,0
24,0,0,0,0,0,0,0,8,8,8,8,8,8,8,8,8,8,0,0,0,0,0,0,0,0,0,0,0,0,0,0,43,43,43,43,43,43,43,43,43,0,0,0,32,32,32,32,32,32,0,30,30,30,30,30,30,30,30,30,30,0,0,0,0,0,0,0,0,0,0,0,0,0,0,0,0,0,0,0,0,0,3,3,3,3,3,3,3,3,3,3,3,0,0,0,0,42,42,42,42,42,42,42,42,0,0,0,0,0,0,0,0,0,0,0,0,0,0,0,0
25,0,60,60,60,60,60,60,8,8,8,8,8,8,8,8,8,8,0,0,0,0,0,0,0,0,0,0,0,0,0,43,43,43,43,43,43,43,43,43,43,0,0,32,32,32,32,32,32,32,32,30,30,30,30,30,30,30,30,30,0,0,0,0,0,0,0,0,0,0,0,0,0,0,0,0,0,0,0,0,0,0,3,3,3,3,3,3,3,3,3,3,3,0,0,0,0,0,42,42,42,42,42,42,0,0,0,0,0,0,0,0,0,0,0,0,0,0,0,0,0
26,0,60,60,60,60,60,60,60,8,8,8,8,8,8,8,8,8,0,0,0,0,0,0,0,0,0,0,0,0,0,43,43,43,43,43,43,43,43,43,43,0,32,32,32,32,32,32,32,32,32,32,30,30,30,30,30,30,30,72,72,72,72,72,0,0,0,0,0,0,0,0,0,0,0,0,0,0,0,0,0,0,3,3,3,3,3,3,3,3,3,3,3,0,0,0,70,70,70,70,70,70,0,0,0,0,0,19,19,19,0,0,0,0,0,0,0,0,79,79,79
27,60,60,60,60,60,60,60,60,60,60,8,8,8,0,0,0,0,0,0,0,0,0,0,0,0,0,0,0,0,0,43,43,43,43,43,43,43,43,43,43,0,32,32,32,32,32,32,32,32,32,32,30,30,30,30,30,30,72,72,72,72,72,72,72,0,0,0,0,0,0,0,0,0,0,0,0,0,0,0,0,0,3,3,3,3,3,3,3,3,3,3,3,0,0,70,70,70,70,70,70,70,70,0,0,0,19,19,19,19,19,19,19,0,0,0,0,79,79,79,79
28,60,60,60,60,60,60,60,60,60,60,0,0,0,0,0,0,0,0,0,0,0,0,0,0,0,0,89,89,89,0,0,43,43,43,43,43,43,43,43,0,0,32,32,32,32,32,32,32,32,32,32,0,30,30,30,30,0,72,72,72,72,72,72,72,0,0,0,0,0,0,0,0,0,0,0,0,0,0,0,0,0,3,3,3,3,3,3,3,3,3,3,0,0,0,70,70,70,70,70,70,70,70,70,0,19,19,19,19,19,19,19,19,19,0,0,79,79,79,79,79
29,60,60,60,60,60,60,60,60,60,60,0,0,0,0,0,0,0,0,0,0,0,0,0,0,0,89,89,89,89,89,89,43,43,43,43,43,43,43,0,0,0,32,32,32,32,32,32,32,32,32,32,0,0,0,0,0,0,72,72,72,72,72,72,72,72,0,0,0,0,0,0,0,0,0,0,0,0,0,0,0,0,0,3,3,3,3,3,3,3,3,0,0,0,0,70,70,70,70,70,70,70,70,70,70,19,19,19,19,19,19,19,19,19,0,79,79,79,79,79,79
30,60,60,60,60,60,60,60,60,60,60,0,0,0,0,0,0,0,0,0,0,0,0,0,0,89,89,89,89,89,89,89,89,43,43,43,43,43,0,0,0,0,0,32,32,32,32,32,32,32,32,0,0,0,0,0,0,72,72,72,72,72,72,72,72,72,72,0,0,0,0,0,0,0,0,0,0,0,0,0,0,0,0,40,40,40,3,3,3,3,0,0,0,0,0,70,70,70,70,70,70,70,70,70,70,19,19,19,19,19,19,19,19,19,79,79,79,79,79,79,79
31,0,60,60,60,60,60,60,60,60,60,0,0,0,0,0,0,0,0,0,0,0,0,0,0,89,89,89,89,89,89,89,89,89,0,0,0,0,0,0,0,0,0,32,32,32,32,32,32,32,0,0,0,0,0,0,0,72,72,72,72,72,72,72,72,72,72,0,0,0,0,0,0,0,0,0,0,0,0,0,40,40,40,40,40,40,40,40,0,0,0,0,0,0,0,70,70,70,70,70,70,70,70,70,70,19,19,19,19,19,19,19,19,19,79,79,79,79,79,79,79
32,0,60,60,60,60,60,60,60,60,0,0,0,0,0,0,0,0,0,0,0,0,0,0,0,89,89,89,89,89,89,89,89,89,0,0,0,0,0,0,0,0,0,0,32,32,32,32,32,0,0,0,0,0,0,0,0,72,72,72,72,72,72,72,72,72,0,0,0,0,0,0,0,0,0,0,0,0,0,40,40,40,40,40,40,40,40,40,40,0,0,0,0,0,0,0,70,70,70,70,70,70,70,70,0,19,19,19,19,19,19,19,19,19,79,79,79,79,79,79,79
33,0,60,60,60,60,60,60,60,60,0,0,0,0,7,7,7,0,0,0,0,0,0,0,0,89,89,89,89,89,89,89,89,89,0,0,0,0,0,0,0,0,0,0,0,0,0,0,0,0,0,0,0,0,0,0,0,72,72,72,72,72,72,72,72,0,0,0,0,0,0,0,0,0,0,0,0,0,0,40,40,40,40,40,40,40,40,40,40,40,0,0,0,0,0,0,0,70,70,70,70,70,70,0,0,19,19,19,19,19,19,19,19,19,0,79,79,79,79,79,79
34,0,0,0,60,60,60,60,60,0,0,0,0,7,7,7,7,7,7,0,0,0,0,0,0,89,89,89,89,89,89,89,89,0,0,0,0,0,0,0,0,0,0,0,0,0,0,0,0,0,0,0,0,0,0,0,0,0,72,72,72,72,72,72,0,0,0,0,0,0,0,0,0,0,0,0,0,0,0,40,40,40,40,40,40,40,40,40,40,40,0,0,0,0,0,0,0,0,70,70,70,70,0,0,0,0,19,19,19,19,19,19,19,19,0,0,79,79,79,79,79
35,0,0,0,0,0,0,0,0,0,0,7,7,7,7,7,7,7,7,7,0,0,0,0,0,0,89,89,89,89,89,89,0,0,0,0,0,0,0,0,0,0,0,0,0,0,0,0,0,0,0,0,0,0,0,0,0,0,0,72,72,72,72,94,94,94,94,0,0,0,0,0,0,0,0,0,0,0,0,40,40,40,40,40,40,40,40,40,40,40,0,0,0,0,0,0,0,0,0,0,0,0,0,0,0,0,0,19,19,19,19,19,19,0,0,0,0,79,79,79,79
36,0,0,0,0,0,0,0,0,0,0,7,7,7,7,7,7,7,7,7,0,0,0,0,0,0,0,89,89,89,89,0,0,0,0,0,0,0,0,0,0,0,0,0,0,0,0,0,0,0,0,0,0,0,0,0,0,0,0,0,0,94,94,94,94,94,94,94,0,0,0,0,0,0,0,0,0,0,0,40,40,40,40,40,40,40,40,40,40,40,0,0,0,57,57,57,57,57,0,0,0,0,0,0,35,35,35,35,35,0,0,0,0,0,0,0,0,0,79,79,79
37,0,0,0,0,0,0,0,0,0,0,7,7,7,7,7,7,7,7,7,7,0,0,0,0,0,0,0,0,0,0,0,0,0,0,0,5,5,5,0,0,0,0,0,0,0,0,0,0,0,0,0,0,0,0,0,0,0,0,0,94,94,94,94,94,94,94,94,94,0,0,0,0,0,0,0,0,0,0,0,40,40,40,40,40,40,40,40,40,40,0,0,57,57,57,57,57,57,57,0,0,0,0,35,35,35,35,35,35,35,0,0,0,0,0,0,0,0,0,0,0
38,0,0,0,0,0,0,0,0,0,0,7,7,7,7,7,7,7,7,7,7,0,0,0,0,0,0,0,0,0,0,0,0,0,5,5,5,5,5,5,0,0,0,0,0,0,0,0,0,0,0,0,0,0,0,0,0,0,0,94,94,94,94,94,94,94,94,94,94,94,0,0,0,0,0,0,0,0,0,0,0,40,40,40,40,40,40,40,40,0,0,0,57,57,57,57,57,57,57,57,0,0,35,35,35,35,35,35,35,35,0,0,0,0,0,0,0,0,0,0,0
39,0,0,0,0,0,0,0,0,0,0,7,7,7,7,7,7,7,7,7,7,0,0,0,0,0,0,0,0,0,0,0,0,5,5,5,5,5,5,5,5,0,0,0,0,0,0,0,0,0,0,0,0,0,0,0,0,0,0,94,94,94,94,94,94,94,94,94,94,94,0,0,0,0,0,0,0,0,0,0,0,0,40,40,40,40,40,40,0,0,0,57,57,57,57,57,57,57,57,57,57,0,35,35,35,35,35,35,35,35,35,0,0,0,0,0,0,0,0,0,0
40,80,0,0,0,0,0,0,0,0,0,0,7,7,7,7,7,7,7,7,7,93,93,93,93,0,0,0,0,0,0,0,0,5,5,5,5,5,5,5,5,0,0,0,0,0,0,0,0,0,0,0,0,0,0,0,0,0,0,94,94,94,94,94,94,94,94,94,94,94,0,0,0,0,0,0,0,0,0,0,0,0,0,0,0,0,0,0,0,0,0,57,57,57,57,57,57,57,57,57,57,57,35,35,35,35,35,35,35,35,35,35,0,0,0,0,0,0,0,0,0
41,80,80,80,0,0,0,0,0,0,0,0,0,7,7,7,7,7,7,93,93,93,93,93,93,93,93,0,0,0,0,0,5,5,5,5,5,5,5,5,5,0,0,0,0,0,0,0,0,0,0,0,0,0,0,0,0,0,0,0,94,94,94,94,94,94,94,94,94,94,0,0,47,47,0,0,0,0,0,0,0,0,0,0,0,0,0,0,0,0,0,57,57,57,57,57,57,57,57,57,57,57,35,35,35,35,35,35,35,35,35,35,0,0,0,0,0,0,0,0,0
42,80,80,80,80,0,0,0,0,0,0,0,0,0,7,7,7,7,93,93,93,93,93,93,93,93,93,93,0,0,0,0,5,5,5,5,5,5,5,5,5,0,0,0,0,0,0,0,0,0,0,0,0,17,17,0,0,0,0,0,94,94,94,94,94,94,94,94,94,47,47,47,47,47,47,47,0,0,0,0,0,0,0,0,0,0,0,0,0,0,0,57,57,57,57,57,57,57,57,57,57,57,35,35,35,35,35,35,35,35,35,35,0,0,0,0,0,69,69,0,0
43,80,80,80,80,0,0,0,0,0,0,0,0,0,0,0,0,93,93,93,93,93,93,93,93,93,93,93,0,0,0,0,5,5,5,5,5,5,5,5,5,0,0,0,0,0,0,0,0,0,0,0,17,17,17,17,17,17,17,0,94,94,94,94,94,94,94,94,47,47,47,47,47,47,47,47,47,0,0,0,0,56,56,56,56,56,56,56,56,0,0,0,57,57,57,57,57,57,57,57,57,0,35,35,35,35,35,35,35,35,35,0,0,0,0,0,69,69,69,69,69
44,80,80,80,80,0,0,0,0,0,1,1,1,1,1,0,0,93,93,93,93,93,93,93,93,93,93,93,0,0,0,0,5,5,5,5,5,5,5,5,5,0,0,0,0,0,0,0,0,0,0,17,17,17,17,17,17,17,17,17,0,94,94,94,94,94,94,0,47,47,47,47,47,47,47,47,47,47,0,0,56,56,56,56,56,56,56,56,56,56,0,0,0,57,57,57,57,57,57,57,0,0,35,35,35,35,35,35,35,35,0,0,0,69,69,69,69,69,69,69,69
45,80,80,80,80,80,0,0,0,1,1,1,1,1,1,1,0,93,93,93,93,93,93,93,93,93,93,0,0,0,0,0,5,5,5,5,5,5,5,5,5,0,0,0,0,0,0,0,0,0,0,17,17,17,17,17,17,17,17,17,0,0,0,0,0,0,0,0,47,47,47,47,47,47,47,47,47,47,0,0,56,56,56,56,56,56,56,56,56,56,0,0,0,0,57,57,57,0,0,0,0,0,0,35,35,35,35,0,0,0,0,0,69,69,69,69,69,69,69,69,69
46,80,80,80,80,80,0,0,1,1,1,1,1,1,1,1,1,0,93,93,93,93,93,93,93,93,0,0,0,0,0,0,0,5,5,5,49,49,5,5,0,0,0,0,0,0,0,0,0,0,0,17,17,17,17,17,17,17,17,17,0,0,0,0,0,0,0,0,47,47,47,47,47,47,47,47,47,47,0,56,56,56,56,56,56,56,56,56,56,56,0,0,23,23,23,23,23,0,0,0,0,0,0,0,0,0,0,0,0,0,0,0,69,69,69,69,69,69,69,69,69
47,80,80,80,80,0,0,0,1,1,1,1,1,1,1,1,1,1,0,93,93,93,93,93,93,93,37,37,37,0,0,0,0,0,0,49,49,49,49,49,0,0,0,0,0,29,29,29,0,0,17,17,17,17,17,17,17,17,17,17,17,0,0,0,0,0,0,0,0,47,47,47,47,47,47,47,47,47,0,56,56,56,56,56,56,56,56,56,56,56,0,0,23,23,23,23,23,23,0,0,0,0,0,0,0,0,0,0,0,0,0,0,69,69,69,69,69,69,69,69,69
48,80,80,80,80,0,0,0,1,1,1,1,1,1,1,1,1,1,0,0,93,93,93,93,93,37,37,37,37,37,0,0,0,0,49,49,49,49,49,49,49,0,0,0,29,29,29,29,29,0,17,17,17,17,17,17,17,17,17,17,17,64,64,64,64,64,64,64,64,47,47,47,47,47,47,47,47,0,0,56,56,56,56,56,56,56,56,56,56,56,0,23,23,23,23,23,23,23,23,23,0,0,0,0,41,41,41,41,41,41,0,0,69,69,69,69,69,69,69,69,69
49,80,80,80,0,0,0,0,1,1,1,1,1,1,1,1,1,1,0,0,0,93,93,93,37,37,37,37,37,37,37,0,0,49,49,49,49,49,49,49,49,49,0,0,29,29,29,29,29,29,17,17,17,17,17,17,17,17,17,17,64,64,64,64,64,64,64,64,64,64,47,47,47,47,47,47,0,0,0,56,56,56,56,56,56,56,56,56,56,56,23,23,23,23,23,23,23,23,23,23,0,0,0,41,41,41,41,41,41,41,41,0,69,69,69,69,69,69,69,69,69
50,80,80,80,0,0,0,0,1,1,1,1,1,1,1,1,1,0,0,0,0,0,0,0,37,37,37,37,37,37,37,37,0,49,49,49,49,49,49,49,49,49,0,29,29,29,29,29,29,29,29,17,17,17,17,17,17,17,17,17,64,64,64,64,64,64,64,64,64,64,64,47,47,47,47,0,0,0,0,0,56,56,56,56,56,56,56,56,56,56,23,23,23,23,23,23,23,23,23,23,0,0,41,41,41,41,41,41,41,41,41,41,69,69,69,69,69,69,69,69,69
51,80,80,0,0,0,0,0,1,1,1,1,1,1,1,1,1,0,0,0,0,0,0,37,37,37,37,37,37,37,37,37,37,49,49,49,49,49,49,49,49,49,0,29,29,29,29,29,29,29,29,29,17,17,17,17,17,17,17,0,64,64,64,64,64,64,64,64,64,64,64,0,0,0,0,0,0,0,0,0,0,0,56,56,56,56,56,56,56,0,23,23,23,23,23,23,23,23,23,23,0,0,41,41,41,41,41,41,41,41,41,41,0,69,69,69,69,69,69,69,69
52,2,2,2,0,0,0,0,0,1,1,1,1,1,1,1,1,0,0,0,0,0,0,37,37,37,37,37,37,37,37,37,37,49,49,49,49,49,49,49,49,49,0,29,29,29,29,29,29,29,29,29,29,17,17,17,17,17,0,64,64,64,64,64,64,64,64,64,64,64,64,0,0,0,0,0,0,0,0,0,0,0,0,0,6,6,6,0,0,0,23,23,23,23,23,23,23,23,23,23,0,0,41,41,41,41,41,41,41,41,41,41,0,0,0,69,69,69,69,69,69
53,2,2,2,2,0,0,0,0,0,1,1,1,1,1,1,0,0,0,0,0,0,0,0,37,37,37,37,37,37,37,37,37,49,49,49,49,49,49,49,49,0,0,0,29,29,29,29,29,29,29,29,29,0,0,0,0,0,0,64,64,64,64,64,64,64,64,64,64,64,0,0,0,0,0,87,87,0,0,0,0,6,6,6,6,6,6,6,0,0,23,23,23,23,23,23,23,23,23,0,0,0,41,41,41,41,41,41,41,41,41,41,0,0,0,0,0,69,69,69,0
54,2,2,2,2,0,0,0,0,0,0,1,1,1,0,0,0,0,0,0,0,0,0,0,37,37,37,37,37,37,37,37,0,49,49,49,49,49,49,49,0,0,0,0,29,29,29,29,29,29,29,29,0,0,0,0,0,0,0,64,64,64,64,64,64,64,64,64,64,0,0,0,0,0,87,87,87,87,0,0,6,6,6,6,6,6,6,6,6,0,0,23,23,23,23,23,23,23,0,0,0,0,41,41,41,41,41,41,41,41,41,41,0,0,0,0,0,0,0,0,0
55,2,2,2,2,0,0,0,0,0,0,0,0,0,0,0,0,0,0,44,44,44,44,44,37,37,37,37,37,37,37,0,0,0,49,49,49,49,49,49,0,0,0,0,0,29,29,29,29,29,29,29,0,0,0,0,0,0,0,0,64,64,64,64,64,64,64,64,64,0,0,0,0,87,87,87,87,87,87,0,6,6,6,6,6,6,6,6,6,6,0,0,0,23,23,23,23,0,0,0,0,0,41,41,41,41,41,41,41,41,41,41,0,0,0,0,0,0,0,0,0
56,2,2,2,2,0,0,0,0,0,0,0,0,0,0,0,0,0,44,44,44,44,44,44,44,37,37,37,37,37,0,0,0,0,0,0,49,49,49,0,51,51,51,51,51,51,29,29,29,29,29,29,0,0,0,0,0,0,0,0,0,64,64,64,64,64,64,64,0,0,0,0,87,87,87,87,87,87,87,87,6,6,6,6,6,6,6,6,6,6,0,0,0,0,0,36,36,36,0,0,0,0,41,41,41,41,41,41,41,41,41,41,0,0,0,0,0,0,0,0,0
57,2,2,2,2,0,0,0,0,0,0,0,0,0,0,0,0,44,44,44,44,44,44,44,44,37,37,37,37,0,0,0,0,0,0,0,0,0,0,51,51,51,51,51,51,51,51,0,29,29,29,0,0,0,0,0,0,0,0,0,0,0,0,64,64,64,64,0,0,0,0,0,87,87,87,87,87,87,87,87,87,6,6,6,6,6,6,6,6,6,0,0,0,36,36,36,36,36,36,36,0,0,0,41,41,41,41,41,41,41,41,41,0,0,0,0,0,0,0,0,0
58,2,2,2,0,0,0,0,0,0,0,0,0,0,0,0,44,44,44,44,44,44,44,44,44,44,37,37,0,0,0,0,0,0,0,0,0,0,0,51,51,51,51,51,51,51,51,51,0,0,0,0,0,0,0,0,0,0,0,0,0,0,0,0,0,0,0,0,0,0,0,87,87,87,87,87,87,87,87,87,87,6,6,6,6,6,6,6,6,6,0,0,36,36,36,36,36,36,36,36,36,36,0,0,41,41,41,41,41,41,41,0,0,0,0,0,0,0,0,0,0
59,2,2,0,96,96,96,96,96,96,0,0,0,0,0,0,44,44,44,44,44,44,44,44,44,44,44,0,0,0,0,0,16,16,16,0,0,0,0,51,51,51,51,51,51,51,51,51,0,0,0,0,0,0,0,0,0,0,0,0,0,0,27,27,27,0,0,0,0,0,0,87,87,87,87,87,87,87,87,87,87,87,6,6,6,6,6,6,6,6,0,36,36,36,36,36,36,36,36,36,36,36,36,0,0,0,41,41,0,0,0,0,0,0,59,59,59,59,59,59,0
60,2,0,96,96,96,96,96,96,96,96,0,0,0,0,0,44,44,44,44,44,44,44,44,44,44,44,0,0,0,0,16,16,16,16,16,0,0,0,51,51,51,51,51,51,51,51,51,0,0,0,0,0,0,0,0,0,0,0,0,0,27,27,27,27,27,27,0,0,0,0,87,87,87,87,87,87,87,87,87,87,87,6,6,6,6,6,6,6,6,0,36,36,36,36,36,36,36,36,36,36,36,36,0,0,0,0,0,0,0,0,0,0,59,59,59,59,59,59,59,59
61,0,96,96,96,96,96,96,96,96,96,0,0,0,0,0,0,44,44,44,44,44,44,44,44,44,44,0,0,0,16,16,16,16,16,16,16,16,0,51,51,51,51,51,51,51,51,51,0,0,0,0,0,0,0,0,0,0,0,0,27,27,27,27,27,27,27,27,0,0,0,0,87,87,87,87,87,87,87,87,87,0,0,6,6,6,6,6,6,0,0,36,36,36,36,36,36,36,36,36,36,36,36,0,0,0,0,0,0,0,0,0,59,59,59,59,59,59,59,59,59
62,96,96,96,96,96,96,96,96,96,96,0,0,0,0,74,74,0,44,44,44,44,44,44,44,44,44,0,0,16,16,16,16,16,16,16,16,16,16,0,51,51,51,51,51,51,51,51,0,0,0,0,0,0,0,0,0,0,0,27,27,27,27,27,27,27,27,27,0,0,0,0,87,87,87,87,87,87,87,87,0,0,0,0,0,0,0,0,0,0,0,36,36,36,36,36,36,36,36,36,36,36,36,0,75,75,75,75,0,0,0,0,59,59,59,59,59,59,59,59,59
63,96,96,96,96,96,96,96,96,96,96,0,0,74,74,74,74,74,44,44,44,44,44,44,44,44,0,0,0,16,16,16,16,16,16,16,16,16,16,0,0,51,51,51,51,51,51,0,0,0,0,0,0,0,0,0,0,0,0,27,27,27,27,27,27,27,27,27,27,0,0,0,0,87,87,87,87,87,87,0,0,0,0,0,0,0,0,0,0,0,0,36,36,36,36,36,36,36,36,36,36,36,0,75,75,75,75,75,75,0,0,0,59,59,59,59,59,59,59,59,59
64,96,96,96,96,96,96,96,96,96,96,0,74,74,74,74,74,74,0,44,44,44,44,44,44,0,0,0,0,16,16,16,16,16,16,16,16,16,16,0,0,0,51,51,51,51,0,0,0,0,0,0,0,0,0,0,0,0,0,27,27,27,27,27,27,27,27,27,27,0,0,0,0,0,0,0,0,0,0,0,0,0,0,0,0,0,0,0,0,0,0,0,36,36,36,36,36,36,36,36,36,0,75,75,75,75,75,75,75,75,0,0,59,59,59,59,59,59,59,59,59
65,96,96,96,96,96,96,96,96,96,0,74,74,74,74,74,74,74,74,0,44,44,44,44,0,0,0,0,0,16,16,16,16,16,16,16,16,16,0,0,0,0,0,0,0,0,0,0,0,0,0,0,0,0,0,0,0,0,0,27,27,27,27,27,27,27,27,27,27,0,0,0,0,0,0,0,0,0,0,0,0,0,0,0,0,0,0,0,0,0,0,0,0,36,36,36,36,36,0,0,0,75,75,75,75,75,75,75,75,75,0,0,59,59,59,59,59,59,59,59,59
66,0,96,96,96,96,96,96,96,96,0,74,74,74,74,74,74,74,74,74,0,0,0,0,0,0,0,0,0,16,16,16,16,16,16,16,16,16,0,0,0,0,0,0,0,0,0,0,0,0,0,0,0,0,0,0,0,0,0,0,27,27,27,27,27,27,27,27,27,0,0,0,0,0,0,0,0,0,0,0,0,0,0,0,0,0,0,0,0,0,0,0,0,0,0,0,0,0,0,0,0,75,75,75,75,75,75,75,75,75,75,0,59,59,59,59,59,59,59,59,59
67,0,0,96,96,96,96,96,96,0,0,74,74,74,74,74,74,74,74,74,74,0,0,0,0,0,0,0,0,0,16,16,16,16,16,16,16,0,0,0,0,0,0,0,0,0,0,0,0,0,0,0,0,0,0,33,33,33,0,0,0,27,27,27,27,27,27,27,27,0,0,0,0,0,0,0,0,0,0,0,0,0,0,0,0,0,0,0,0,0,0,0,0,0,0,0,0,0,0,0,0,75,75,75,75,75,75,75,75,75,75,75,0,59,59,59,59,59,59,59,59
68,0,0,0,96,96,96,0,0,0,0,74,74,74,74,74,74,74,74,74,74,0,0,0,0,0,0,0,0,0,0,16,16,16,16,16,16,0,0,0,0,0,0,0,0,0,0,0,0,0,0,0,0,0,33,33,33,33,33,0,0,0,27,27,27,27,27,27,0,0,0,0,0,0,0,0,0,0,0,0,0,0,0,0,0,0,0,0,0,0,0,0,0,0,0,0,0,0,0,0,0,75,75,75,75,75,75,75,75,75,75,75,0,59,59,59,59,59,59,59,59
69,0,0,0,0,0,0,0,0,0,0,74,74,74,74,74,74,74,74,74,74,0,0,0,0,0,0,0,0,0,0,0,0,0,16,16,0,0,0,0,0,0,0,0,0,0,0,0,0,0,0,0,0,0,33,33,33,33,33,33,0,0,0,0,0,0,0,0,0,0,0,0,0,0,0,73,73,73,0,0,0,0,0,0,0,0,0,0,0,0,0,0,0,0,0,0,0,0,0,0,0,75,75,75,75,75,75,75,75,75,75,75,0,0,59,59,59,59,59,59,59
70,0,0,0,0,0,0,0,0,0,0,0,74,74,74,74,74,74,74,74,74,0,0,0,0,0,0,0,0,0,0,0,0,0,0,0,0,0,0,0,0,0,0,0,0,0,66,66,66,66,0,0,0,0,33,33,33,33,33,33,33,0,0,0,0,0,0,0,0,0,0,0,0,73,73,73,73,73,73,0,0,0,0,0,0,0,0,0,0,0,0,0,0,0,0,0,0,0,0,0,0,75,75,75,75,75,75,75,75,75,75,75,0,0,0,0,0,59,59,59,59
71,0,0,0,0,0,0,0,0,0,0,26,26,26,26,74,74,74,74,74,0,0,0,0,0,0,0,0,0,0,0,0,0,0,0,0,0,0,0,0,0,0,0,0,0,66,66,66,66,66,66,0,0,33,33,33,33,33,33,33,33,33,0,0,0,97,97,97,97,0,0,0,73,73,73,73,73,73,73,73,0,0,0,0,0,0,0,0,0,0,0,0,0,0,0,85,85,85,85,0,0,0,75,75,75,75,75,75,75,75,75,0,0,0,0,0,0,0,0,0,0
72,71,71,71,0,0,0,0,0,0,26,26,26,26,26,26,0,0,0,0,0,0,0,0,0,0,0,0,0,0,0,0,0,0,0,0,0,0,0,0,0,0,0,66,66,66,66,66,66,66,66,66,33,33,33,33,33,33,33,33,33,33,0,0,97,97,97,97,97,97,97,0,73,73,73,73,73,73,73,73,73,0,0,0,0,0,0,0,0,0,0,0,85,85,85,85,85,85,85,85,0,0,0,75,75,75,75,75,75,75,0,0,0,0,0,0,0,0,0,0,0
73,71,71,71,71,0,0,0,0,26,26,26,26,26,26,26,26,0,0,0,0,0,0,0,0,0,0,0,0,0,0,0,0,0,0,0,0,0,0,0,0,0,66,66,66,66,66,66,66,66,66,66,33,33,33,33,33,33,33,33,33,33,0,97,97,97,97,97,97,97,97,97,73,73,73,73,73,73,73,73,73,73,0,0,0,0,0,0,0,0,0,85,85,85,85,85,85,85,85,85,85,0,0,0,0,75,75,75,75,0,0,0,0,0,0,0,0,0,0,0,0
74,71,71,71,71,71,0,0,26,26,26,26,26,26,26,26,26,26,0,0,0,0,0,0,0,0,0,0,0,0,0,0,0,0,0,0,0,0,0,0,0,0,66,66,66,66,66,66,66,66,66,66,0,33,33,33,33,33,33,33,33,33,97,97,97,97,97,97,97,97,97,97,73,73,73,73,73,73,73,73,73,73,0,0,0,0,0,0,0,0,85,85,85,85,85,85,85,85,85,85,85,85,0,0,0,0,0,0,0,0,0,0,0,0,0,0,0,0,0,0,0
75,71,71,71,71,71,71,26,26,26,26,26,26,26,26,26,26,26,0,0,0,0,0,0,0,0,0,0,0,0,0,0,0,0,0,0,0,0,0,0,0,0,66,66,66,66,66,66,66,66,66,66,0,0,33,33,33,33,33,33,33,0,97,97,97,97,97,97,97,97,97,97,73,73,73,73,73,73,73,73,73,73,0,0,92,92,0,0,0,0,85,85,85,85,85,85,85,85,85,85,85,85,85,0,0,78,78,78,78,0,0,0,0,0,0,0,0,0,0,0,0
76,71,71,71,71,71,71,26,26,26,26,26,26,26,26,26,26,26,0,4,4,4,4,4,0,0,0,0,0,0,0,0,0,0,0,0,0,0,0,0,0,0,66,66,66,66,66,66,66,66,66,66,0,0,0,33,33,33,33,33,0,0,97,97,97,97,97,97,97,97,97,97,73,73,73,73,73,73,73,73,73,0,92,92,92,92,92,0,0,0,0,85,85,85,85,85,85,85,85,85,85,85,85,78,78,78,78,78,78,78,78,0,0,0,0,0,0,0,0,0,0
77,71,71,71,71,71,71,26,26,26,26,26,26,26,26,26,26,26,4,4,4,4,4,4,4,0,0,0,0,0,0,0,0,0,0,0,0,0,0,0,0,0,66,66,66,66,66,66,66,66,66,66,0,0,0,0,0,0,0,0,0,0,97,97,97,97,97,97,97,97,97,0,73,73,73,73,73,73,73,73,92,92,92,92,92,92,92,92,0,0,0,0,85,85,85,85,85,85,85,85,85,85,78,78,78,78,78,78,78,78,78,78,0,0,0,0,0,0,0,0,0
78,71,71,71,71,71,71,26,26,26,26,26,26,26,26,26,26,4,4,4,4,4,4,4,4,0,0,0,0,0,0,0,0,0,0,0,0,0,0,0,0,62,62,66,66,66,66,66,66,66,66,0,0,0,0,0,12,12,12,0,0,0,0,97,97,97,97,97,97,97,0,0,0,73,73,73,73,73,73,92,92,92,92,92,92,92,92,92,92,0,0,0,85,85,85,85,85,85,85,85,85,0,78,78,78,78,78,78,78,78,78,78,0,0,0,0,0,0,0,0,0
79,71,71,71,71,71,71,0,26,26,26,26,26,26,26,26,4,4,4,4,4,4,4,4,4,4,0,0,0,0,48,48,0,0,0,0,0,62,62,62,62,62,62,62,66,66,66,66,66,66,0,0,0,0,0,12,12,12,12,12,12,0,0,0,97,97,97,97,97,97,0,0,0,0,73,73,73,73,92,92,92,92,92,92,92,92,92,92,92,0,0,0,0,85,85,85,85,85,85,85,0,0,78,78,78,78,78,78,78,78,78,78,78,0,0,0,0,0,0,0,0
80,71,71,71,71,71,0,0,0,26,26,26,26,26,26,0,4,4,4,4,4,4,4,4,4,4,0,0,48,48,48,48,48,48,48,0,62,62,62,62,62,62,62,62,62,0,0,0,0,0,0,0,0,0,12,12,12,12,12,12,12,12,0,0,0,97,97,97,97,0,0,0,0,0,0,73,73,0,92,92,92,92,92,92,92,92,92,92,92,0,0,0,0,0,0,0,0,0,0,0,0,0,78,78,78,78,78,78,78,78,78,78,78,0,0,0,0,0,0,0,0
81,71,71,71,71,0,0,0,0,0,0,0,0,0,0,0,4,4,4,4,4,4,4,4,4,4,0,48,48,48,48,48,48,48,48,48,62,62,62,62,62,62,62,62,62,62,0,0,0,0,0,0,0,12,12,12,12,12,12,12,12,12,0,0,0,0,0,0,0,0,0,0,0,0,0,0,0,0,92,92,92,92,92,92,92,92,92,92,92,0,0,0,0,0,0,0,0,0,0,0,0,0,78,78,78,78,78,78,78,78,78,78,78,0,0,0,0,0,0,0,0
82,0,0,0,0,0,0,0,0,0,0,0,0,0,0,0,0,4,4,4,4,4,4,4,4,4,48,48,48,48,48,48,48,48,48,48,62,62,62,62,62,62,62,62,62,62,0,0,0,0,0,0,0,12,12,12,12,12,12,12,12,12,12,0,0,0,0,0,0,0,0,0,0,0,0,0,0,0,0,92,92,92,92,92,92,92,92,92,92,0,0,0,0,0,0,0,0,0,0,0,0,0,0,78,78,78,78,78,78,78,78,78,0,31,31,31,31,0,0,0,0
83,0,0,0,0,0,0,0,0,0,0,0,0,0,0,0,0,4,4,4,4,4,4,4,4,4,48,48,48,48,48,48,48,48,48,48,48,62,62,62,62,62,62,62,62,62,11,11,11,11,11,11,0,12,12,12,12,12,12,12,12,12,12,0,0,0,0,0,0,0,0,0,0,0,0,0,0,0,0,0,92,92,92,92,92,92,92,92,92,0,0,0,0,0,0,0,0,0,0,0,0,0,0,0,78,78,78,78,78,78,78,31,31,31,31,31,31,31,31,0,0
84,0,0,0,0,0,0,0,0,39,39,39,39,39,39,39,0,0,4,4,4,4,4,4,4,0,48,48,48,48,48,48,48,48,48,48,48,62,62,62,62,62,62,62,62,11,11,11,11,11,11,11,11,0,12,12,12,12,12,12,12,12,12,0,0,0,0,0,0,0,0,0,0,0,0,0,0,0,0,0,92,92,92,92,92,92,92,92,0,0,0,0,0,0,0,0,0,0,0,0,0,0,0,0,0,78,78,78,78,0,31,31,31,31,31,31,31,31,31,31,0
85,0,0,0,0,0,0,0,39,39,39,39,39,39,39,39,39,0,0,0,0,0,0,0,0,0,48,48,48,48,48,48,48,48,48,48,48,0,62,62,62,62,62,62,0,11,11,11,11,11,11,11,11,11,12,12,12,12,12,12,12,12,12,0,0,0,0,53,53,53,53,53,0,0,0,0,0,0,0,0,0,92,92,92,0,92,92,68,68,68,0,0,0,0,0,0,0,0,0,0,0,0,0,0,0,0,0,0,0,31,31,31,31,31,31,31,31,31,31,31,0
86,0,0,0,0,0,0,0,39,39,39,39,39,39,39,39,39,39,0,0,0,0,0,0,0,0,0,48,48,48,48,48,48,48,48,48,48,0,0,62,62,62,62,0,0,11,11,11,11,11,11,11,11,11,0,12,12,12,12,12,12,12,0,0,0,0,53,53,53,53,53,53,53,0,0,0,0,0,0,0,0,0,0,0,0,68,68,68,68,68,68,68,0,0,0,0,0,0,0,0,0,0,0,0,0,0,0,0,0,31,31,31,31,31,31,31,31,31,31,31,0
87,0,0,0,0,0,0,0,39,39,39,39,39,39,39,39,39,39,39,0,52,52,52,52,52,52,0,48,48,48,48,48,48,48,48,48,0,0,0,0,62,62,0,0,0,11,11,11,11,11,11,11,11,11,0,0,0,0,0,0,0,0,0,0,0,53,53,53,53,53,53,53,53,53,0,0,0,0,0,0,0,0,0,0,68,68,68,68,68,68,68,68,68,0,0,0,0,0,0,0,0,0,0,0,0,0,0,0,0,31,31,31,31,31,31,31,31,31,31,31,0
88,0,0,0,0,0,0,0,39,39,39,39,39,39,39,39,39,39,39,52,52,52,52,52,52,52,52,0,48,48,48,48,48,48,48,0,0,0,0,0,0,0,0,0,0,11,11,11,11,11,11,11,11,11,0,0,0,0,0,0,0,0,0,0,0,53,53,53,53,53,53,53,53,53,0,0,0,0,0,0,0,0,0,68,68,68,68,68,68,68,68,68,68,68,0,0,0,0,0,0,0,0,0,0,0,0,0,0,0,31,31,31,31,31,31,31,31,31,31,31,31
89,0,0,0,0,0,0,0,39,39,39,39,39,39,39,39,39,39,39,52,52,52,52,52,52,52,52,52,0,0,0,0,48,48,0,0,0,0,0,0,0,0,0,0,0,11,11,11,11,11,11,11,11,11,0,0,0,0,0,0,0,0,0,0,0,53,53,53,53,53,53,53,53,53,0,0,0,0,0,0,0,0,0,68,68,68,68,68,68,68,68,68,68,68,0,0,0,0,0,0,0,0,0,0,0,0,0,0,0,0,31,31,31,31,31,31,31,31,31,31,31
90,0,0,0,0,0,0,0,0,39,39,39,39,39,39,39,39,39,39,52,52,52,52,52,52,52,52,52,0,0,0,0,0,0,0,0,0,0,0,0,0,0,0,0,0,11,11,11,11,11,11,11,11,0,20,20,20,0,0,0,0,0,0,0,0,53,53,53,53,53,53,53,53,53,0,0,0,0,0,0,0,0,0,68,68,68,68,68,68,68,68,68,68,68,0,0,0,0,0,0,0,0,0,0,0,0,0,0,0,0,0,31,31,31,31,31,31,31,31,31,31
91,0,0,0,0,0,0,0,0,0,39,39,39,39,39,39,39,39,39,52,52,52,52,52,52,52,52,52,0,0,0,0,0,0,0,0,0,0,0,0,0,0,0,0,0,0,11,11,11,11,11,11,20,20,20,20,20,20,0,0,0,0,0,0,0,53,53,53,53,53,53,53,53,53,0,0,0,0,0,0,0,0,68,68,68,68,68,68,68,68,68,68,68,0,0,0,0,0,0,0,0,0,0,0,0,0,0,0,0,0,0,0,31,31,31,31,31,31,31,31,0
92,0,0,0,0,0,0,0,0,0,0,39,39,39,39,39,39,39,39,52,52,52,52,52,52,52,52,52,0,0,0,0,0,0,0,0,0,0,0,0,0,0,0,0,0,0,0,0,0,0,0,20,20,20,20,20,20,20,20,0,0,0,0,0,0,0,53,53,53,53,53,53,53,0,55,55,55,55,0,0,0,0,68,68,68,68,68,68,68,68,68,68,68,0,0,0,0,0,0,0,0,0,0,0,0,0,0,0,0,0,0,0,0,31,31,31,31,31,0,0,0
93,0,0,0,0,0,0,0,0,0,0,0,0,39,39,39,39,39,0,52,52,52,52,52,52,52,52,52,0,0,0,0,0,0,0,0,0,0,0,0,0,0,0,0,0,0,0,0,0,0,20,20,20,20,20,20,20,20,20,0,0,0,0,0,0,0,0,53,53,53,53,53,0,55,55,55,55,55,55,55,0,0,0,68,68,68,68,68,68,68,68,68,0,0,0,0,61,61,61,61,61,0,0,0,0,0,0,0,0,0,0,0,0,0,31,31,0,0,0,0,0
94,0,0,0,0,0,0,0,0,0,0,0,0,0,39,39,39,0,0,0,52,52,52,52,52,52,52,0,0,0,0,0,0,0,0,0,0,0,0,0,0,0,0,0,0,0,0,0,0,0,20,20,20,20,20,20,20,20,20,20,0,0,0,0,0,0,0,0,0,0,0,0,55,55,55,55,55,55,55,55,55,0,0,0,0,0,68,68,68,68,0,0,0,0,0,61,61,61,61,61,61,61,61,0,0,0,0,0,0,0,0,0,0,0,0,0,13,13,13,13,0
95,0,0,0,0,0,0,46,46,46,46,46,46,0,0,0,0,0,0,0,0,0,0,52,52,52,28,28,0,0,0,0,0,0,0,0,0,0,0,0,0,0,0,0,0,0,0,0,0,0,20,20,20,20,20,20,20,20,20,20,0,0,0,0,0,0,0,0,0,0,0,0,55,55,55,55,55,55,55,55,55,55,0,0,0,0,0,0,0,0,0,0,0,0,0,61,61,61,61,61,61,61,61,61,0,0,50,50,50,50,50,0,0,0,0,13,13,13,13,13,13
96,0,0,0,0,0,46,46,46,46,46,46,46,46,0,0,0,0,0,0,0,0,0,28,28,28,28,28,28,0,0,0,0,0,0,0,0,0,0,0,0,25,25,25,25,25,25,25,0,0,20,20,20,20,20,20,20,20,20,20,0,0,0,0,0,0,95,95,95,95,0,0,55,55,55,55,55,55,55,55,55,55,0,0,0,0,0,0,0,0,0,0,0,0,0,61,61,61,61,61,61,61,61,61,0,50,50,50,50,50,50,50,0,0,0,13,13,13,13,13,13
97,0,0,0,0,46,46,46,46,46,46,46,46,46,0,0,0,0,0,0,0,0,28,28,28,28,28,28,28,28,0,0,0,0,0,0,0,0,0,0,25,25,25,25,25,25,25,25,25,0,0,20,20,20,20,20,20,20,20,0,0,0,0,0,95,95,95,95,95,95,95,95,55,55,55,55,55,55,55,55,55,55,0,0,0,0,0,0,0,0,0,0,0,0,0,61,61,61,61,61,61,61,61,61,50,50,50,50,50,50,50,50,0,0,0,13,13,13,13,13,13
98,0,0,0,46,46,46,46,46,46,46,46,46,46,46,0,0,0,0,0,0,28,28,28,28,28,28,28,28,28,28,0,0,0,0,0,0,0,0,0,25,25,25,25,25,25,25,25,25,25,0,20,20,20,20,20,20,20,20,0,0,0,0,95,95,95,95,95,95,95,95,95,95,55,55,55,55,55,55,55,55,55,0,0,0,0,0,0,0,0,0,0,0,0,0,61,61,61,61,61,61,61,61,61,50,50,50,50,50,50,50,50,50,0,0,13,13,13,13,13,13
99,0,0,46,46,46,46,46,46,46,46,46,46,46,46,46,0,0,0,0,0,28,28,28,28,28,28,28,28,28,28,28,0,0,0,0,0,0,0,0,25,25,25,25,25,25,25,25,25,25,0,0,20,20,20,20,20,20,0,0,0,0,0,95,95,95,95,95,95,95,95,95,95,55,55,55,55,55,55,55,55,55,0,0,0,0,0,0,0,0,0,0,0,0,0,61,61,61,61,61,61,61,61,0,50,50,50,50,50,50,50,50,50,0,0,13,13,13,13,13,13
100,0,0,46,46,46,46,46,46,46,46,46,46,46,46,46,0,0,0,0,0,28,28,28,28,28,28,28,28,28,28,28,0,0,84,84,84,84,84,0,25,25,25,25,25,25,25,25,25,25,0,0,0,0,0,0,0,0,0,0,0,0,0,95,95,95,95,95,95,95,95,95,95,95,55,55,55,55,55,55,55,55,0,0,0,0,0,0,0,0,0,0,0,0,0,0,61,61,61,61,61,61,61,0,50,50,50,50,50,50,50,50,50,0,0,13,13,13,13,13,13
101,0,0,46,46,46,46,46,46,46,46,46,46,46,46,46,0,0,0,0,0,28,28,28,28,28,28,28,28,28,28,0,0,84,84,84,84,84,84,84,25,25,25,25,25,25,25,25,25,25,0,0,0,0,0,0,0,0,0,0,0,0,0,95,95,95,95,95,95,95,95,95,95,95,0,55,55,55,55,55,55,0,0,0,0,0,0,0,0,0,0,0,0,21,21,21,21,61,61,61,61,61,0,0,50,50,50,50,50,50,50,50,50,0,0,0,13,13,13,13,13
102,0,0,0,46,46,46,46,46,46,46,46,46,46,46,0,0,0,0,0,0,0,28,28,28,28,28,28,28,28,28,0,84,84,84,84,84,84,84,84,25,25,25,25,25,25,25,25,25,0,0,0,10,10,10,10,0,0,0,0,0,0,0,95,95,95,95,95,95,95,95,95,95,95,0,0,0,0,0,0,0,0,0,0,0,0,0,0,0,0,0,21,21,21,21,21,21,21,61,61,61,0,0,0,50,50,50,50,50,50,50,50,50,0,0,0,0,13,13,13,13
103,0,0,0,0,46,46,46,46,46,46,46,46,46,0,0,0,0,0,0,0,0,0,28,28,28,28,28,28,28,0,0,84,84,84,84,84,84,84,84,84,25,25,25,25,25,25,25,25,10,10,10,10,10,10,10,10,0,0,0,0,0,0,0,95,95,95,95,95,95,95,95,95,0,0,0,0,0,0,0,0,0,0,0,0,0,0,0,0,0,21,21,21,21,21,21,21,21,0,0,0,0,0,0,50,50,50,50,50,50,50,50,50,0,0,0,0,0,13,13,13
104,0,0,0,0,0,46,46,46,46,46,46,0,0,0,67,67,67,67,67,0,0,0,0,28,28,28,28,28,0,0,0,84,84,84,84,84,84,84,84,84,84,25,25,25,25,25,25,10,10,10,10,10,10,10,10,10,0,0,0,0,0,90,90,90,95,95,95,95,95,95,95,0,0,0,0,0,0,0,0,0,0,0,0,0,0,0,0,0,0,21,21,21,21,21,21,21,21,21,0,0,0,0,0,50,50,50,50,50,50,50,50,0,0,0,0,0,0,0,0,0
105,0,0,0,0,0,0,0,0,46,46,0,0,0,67,67,67,67,67,67,67,0,0,0,0,0,0,0,0,0,0,0,84,84,84,84,84,84,84,84,84,84,0,25,25,0,0,0,10,10,10,10,10,10,10,10,10,10,0,0,0,90,90,90,90,90,95,95,95,95,95,0,0,0,0,0,0,0,0,0,0,0,0,0,0,0,0,0,0,0,21,21,21,21,21,21,21,21,21,21,0,0,0,0,0,50,50,50,50,50,50,0,0,83,83,83,83,83,0,0,0
106,0,0,0,0,0,0,0,0,0,0,0,0,67,67,67,67,67,67,67,67,67,0,0,0,15,15,15,15,15,0,0,84,84,84,84,84,84,84,84,84,84,0,0,0,0,0,10,10,10,10,10,10,10,10,10,10,10,0,0,0,90,90,90,90,90,90,0,0,0,0,0,0,0,0,0,0,0,0,0,0,0,0,0,0,0,0,0,0,0,21,21,21,21,21,21,21,21,21,21,0,0,0,0,0,0,0,0,0,0,0,0,83,83,83,83,83,83,83,0,0
107,0,0,0,0,0,0,0,0,0,0,0,0,67,67,67,67,67,67,67,67,67,0,0,15,15,15,15,15,15,15,0,84,84,84,84,84,84,84,84,84,0,0,0,0,0,0,10,10,10,10,10,10,10,10,10,10,10,0,0,90,90,90,90,90,90,90,90,0,0,0,0,0,0,0,0,0,0,0,0,0,0,0,0,0,0,0,0,0,0,21,21,21,21,21,21,21,21,21,0,0,0,0,0,0,0,0,0,0,0,0,83,83,83,83,83,83,83,83,83,0
108,0,0,86,86,86,86,0,0,0,0,0,0,67,67,67,67,67,67,67,67,67,0,0,15,15,15,15,15,15,15,15,0,84,84,84,84,84,84,0,0,0,0,0,0,0,0,0,10,10,10,10,10,10,10,10,10,0,0,90,90,90,90,90,90,90,90,90,90,0,0,0,0,0,0,0,0,0,0,0,0,0,0,0,0,0,0,0,0,0,21,21,21,21,21,21,21,21,0,0,0,0,0,0,0,0,0,0,0,0,0,83,83,83,83,83,83,83,83,83,83
109,0,86,86,86,86,86,86,86,0,0,0,0,67,67,67,67,67,67,67,67,67,0,15,15,15,15,15,15,15,15,15,15,0,84,84,84,84,0,0,0,0,0,0,0,0,0,0,10,10,10,10,10,10,10,10,10,0,0,90,90,90,90,90,90,90,90,90,90,0,0,0,0,0,0,0,0,0,0,0,0,0,0,0,0,0,0,58,58,58,0,21,21,21,21,21,21,21,0,0,0,0,0,0,0,0,0,0,0,0,0,83,83,83,83,83,83,83,83,83,83
110,0,86,86,86,86,86,86,86,86,0,0,0,67,67,67,67,67,67,67,67,67,15,15,15,15,15,15,15,15,15,15,15,0,0,0,0,0,0,0,0,0,0,65,65,65,65,65,65,10,10,10,10,10,10,10,0,0,0,90,90,90,90,90,90,90,90,90,0,0,0,0,0,0,0,0,0,0,0,0,0,0,0,0,0,58,58,58,58,58,58,58,21,21,21,21,21,0,0,0,0,0,0,0,0,0,0,0,0,0,0,83,83,83,83,83,83,83,83,83,83
111,0,86,86,86,86,86,86,86,86,0,0,0,67,67,67,67,67,67,67,67,67,15,15,15,15,15,15,15,15,15,15,15,15,0,0,0,0,0,0,0,0,65,65,65,65,65,65,65,65,10,10,10,10,10,0,0,0,0,90,90,90,90,90,90,90,90,90,0,0,0,0,0,0,0,0,0,0,0,0,0,0,0,0,58,58,58,58,58,58,58,58,58,21,21,0,0,0,0,0,0,0,0,0,0,0,0,0,0,0,0,83,83,83,83,83,83,83,83,83,83
112,0,86,86,86,86,86,86,86,86,86,0,0,0,67,67,67,67,67,67,67,67,15,15,15,15,15,15,15,15,15,15,15,15,0,0,0,0,0,0,0,65,65,65,65,65,65,65,65,65,65,10,10,10,0,0,0,0,0,0,90,90,90,90,90,90,90,90,0,0,0,0,0,0,0,0,0,0,0,0,0,0,0,0,58,58,58,58,58,58,58,58,58,0,0,0,0,0,0,0,0,0,0,0,0,0,0,0,0,0,0,83,83,83,83,83,83,83,83,83,83
113,0,86,86,86,86,86,86,86,86,86,0,0,0,0,0,67,67,67,67,67,0,0,15,15,15,15,15,15,15,15,15,15,15,0,0,0,0,0,0,0,65,65,65,65,65,65,65,65,65,65,0,0,0,0,0,0,0,0,0,0,90,90,90,90,90,90,0,0,0,0,0,0,0,0,0,0,0,0,0,0,0,0,0,58,58,58,58,58,58,58,58,58,58,0,0,0,0,0,0,0,0,0,0,0,0,0,0,0,0,0,0,83,83,83,83,83,83,83,83,83
114,0,86,86,86,86,86,86,86,86,86,0,0,0,0,0,0,0,0,0,0,0,0,0,15,15,15,15,15,15,15,15,15,0,0,0,0,0,0,0,0,65,65,65,65,65,65,65,65,65,65,0,0,0,0,0,0,0,0,0,0,0,0,0,0,0,0,0,0,0,0,0,0,0,0,0,0,0,0,0,0,0,0,0,58,58,58,58,58,58,58,58,58,58,0,0,0,0,0,0,0,0,0,0,0,0,0,0,0,0,0,0,0,83,83,83,83,83,83,83,0
115,0,86,86,86,86,86,86,86,86,86,0,0,0,0,0,0,0,0,0,0,0,0,0,0,15,15,15,15,15,15,15,0,0,0,0,0,0,0,0,0,65,65,65,65,65,65,65,65,65,65,0,0,0,0,0,0,0,0,0,0,0,0,0,0,0,0,0,0,0,0,0,0,0,0,0,0,0,0,0,0,0,0,0,58,58,58,58,58,58,58,58,58,58,0,0,0,0,0,0,0,0,0,0,0,0,0,0,0,0,0,0,0,0,0,0,0,0,0,0,0
116,0,86,86,86,86,86,86,86,86,0,0,0,0,0,0,0,0,0,0,0,0,0,0,0,0,0,0,0,0,0,0,0,0,0,0,0,0,0,0,0,0,65,65,65,65,65,65,65,65,65,0,0,0,0,0,0,0,0,0,0,0,0,0,0,22,22,22,22,22,0,0,0,0,0,0,0,0,0,0,0,0,0,0,58,58,58,58,58,58,58,58,58,0,0,0,0,0,0,0,0,0,0,0,0,0,0,0,0,0,0,0,0,0,0,0,0,0,0,0,0
117,0,0,86,86,86,86,86,86,0,0,0,0,0,0,0,0,0,0,0,0,0,0,0,0,0,0,77,77,77,77,77,0,0,0,0,0,0,0,0,0,0,0,65,65,65,65,65,65,65,0,0,0,0,0,0,0,0,0,0,0,0,0,0,22,22,22,22,22,22,22,22,0,0,0,0,0,0,0,0,0,0,0,0,0,58,58,58,58,58,58,58,0,0,0,0,0,0,0,0,0,0,0,0,0,0,0,0,0,0,0,0,0,0,0,0,0,0,0,0,0
118,0,0,0,86,86,86,86,0,0,0,0,0,0,0,0,0,0,0,0,0,0,0,0,0,0,77,77,77,77,77,77,77,0,0,0,0,0,0,0,0,0,0,0,65,65,65,65,65,0,0,0,0,0,0,0,0,0,0,0,0,0,0,22,22,22,22,22,22,22,22,22,22,0,0,0,0,0,0,0,0,0,0,0,0,0,58,58,58,58,58,0,9,9,9,0,0,0,0,0,0,0,0,0,0,0,0,0,0,0,0,0,0,0,0,0,0,0,0,0,0
119,0,0,0,0,0,0,0,0,0,0,0,0,0,0,0,0,0,0,0,0,0,0,0,0,77,77,77,77,77,77,77,77,77,0,0,0,0,0,0,0,0,0,0,0,65,65,0,0,0,0,0,0,0,0,0,0,0,0,0,0,0,0,22,22,22,22,22,22,22,22,22,22,0,0,0,0,0,0,0,0,0,0,0,0,0,0,58,58,58,0,9,9,9,9,9,0,0,0,0,0,0,0,0,0,0,0,0,0,0,0,0,0,0,0,0,0,0,0,0,0
120,0,0,0,0,0,0,0,0,0,0,0,0,0,0,0,0,0,0,0,0,0,0,0,77,77,77,77,77,77,77,77,77,77,0,0,0,0,0,0,0,0,0,0,0,0,0,0,0,0,0,0,0,0,0,0,0,0,0,0,0,0,0,22,22,22,22,22,22,22,22,22,22,0,0,0,0,0,0,0,0,0,0,0,0,0,0,0,0,0,0,9,9,9,9,9,9,0,0,0,0,0,0,0,0,0,0,0,0,0,0,0,0,0,0,0,0,0,0,0,0
121,0,0,0,0,0,0,0,0,0,0,0,0,0,0,0,0,0,0,0,0,0,0,0,77,77,77,77,77,77,77,77,77,77,77,0,0,0,0,0,0,0,0,0,0,0,0,0,0,0,0,0,0,0,0,0,0,0,0,0,0,0,0,22,22,22,22,22,22,22,22,22,22,0,0,0,0,0,0,0,0,0,0,0,0,0,0,0,0,0,0,9,9,9,9,9,9,0,0,0,0,0,0,0,0,0,0,0,0,0,0,0,0,0,0,0,0,0,0,0,0
122,0,0,0,0,0,0,0,0,0,0,0,0,0,0,0,0,0,0,0,0,0,0,0,77,77,77,77,77,77,77,77,77,77,77,0,0,0,0,0,0,0,0,0,0,0,0,0,0,0,0,0,0,0,0,0,0,0,0,0,0,0,0,22,22,22,22,22,22,22,22,22,22,0,0,0,0,0,0,0,0,0,0,0,0,0,0,0,0,0,0,9,9,9,9,9,9,0,0,0,0,0,0,0,0,0,0,0,0,0,0,0,0,0,0,0,0,0,0,0,0
123,0,0,0,0,0,0,0,0,0,0,0,0,0,0,0,0,0,0,0,0,0,0,0,77,77,77,77,77,77,77,77,77,77,77,0,0,0,0,0,0,0,0,0,0,0,0,0,0,0,0,0,0,0,0,0,0,0,0,0,0,0,0,0,22,22,22,22,22,22,22,22,0,0,0,0,0,0,0,0,0,0,0,0,0,0,0,0,0,0,0,0,9,9,9,9,9,0,0,0,0,0,0,0,0,0,0,0,0,0,0,0,0,0,0,0,0,0,0,0,0
124,0,0,0,0,0,0,0,0,0,0,0,0,0,0,0,0,0,0,0,0,0,0,0,0,77,77,77,77,77,77,77,77,77,77,0,0,0,0,0,0,0,0,0,0,0,0,0,0,0,0,0,0,0,0,0,0,0,0,0,0,0,0,0,0,22,22,22,22,22,22,0,0,0,0,0,0,0,0,0,0,0,0,0,0,0,0,0,0,0,0,0,0,9,9,9,0,0,0,0,0,0,0,0,0,0,0,0,0,0,0,0,0,0,0,0,0,0,0,0,0
125,0,0,0,0,0,0,0,0,0,0,0,0,0,0,0,0,0,0,0,0,0,0,0,0,77,77,77,77,77,77,77,77,77,77,0,0,0,0,0,0,0,0,0,0,0,0,0,0,0,0,0,0,0,0,0,0,0,0,0,0,0,0,0,0,0,0,0,0,0,0,0,0,0,0,0,0,0,0,0,0,0,0,0,0,0,0,0,0,0,0,0,0,0,0,0,0,0,0,0,0,0,0,0,0,0,0,0,0,0,0,0,0,0,0,0,0,0,0,0,0
126,0,0,0,0,0,0,0,0,0,0,0,0,0,0,0,0,0,0,0,0,0,0,0,0,0,77,77,77,77,77,77,77,77,0,0,0,0,0,0,0,0,0,0,0,0,0,0,0,0,0,0,0,0,0,0,0,0,0,0,0,0,0,0,0,0,0,0,0,0,0,0,0,0,0,0,0,0,0,0,0,0,0,0,0,0,0,0,0,0,0,0,0,0,0,0,0,0,0,0,0,0,0,0,0,0,0,0,0,0,0,0,0,0,0,0,0,0,0,0,0
127,0,0,0,0,0,0,0,0,0,0,0,0,0,0,0,0,0,0,0,0,0,0,0,0,0,0,77,77,77,77,77,77,0,0,0,0,0,0,0,0,0,0,0,0,0,0,0,0,0,0,0,0,0,0,0,0,0,0,0,0,0,0,0,0,0,0,0,0,0,0,0,0,0,0,0,0,0,0,0,0,0,0,0,0,0,0,0,0,0,0,0,0,0,0,0,0,0,0,0,0,0,0,0,0,0,0,0,0,0,0,0,0,0,0,0,0,0,0,0,0
128,0,0,0,0,0,0,0,0,0,0,0,0,0,0,0,0,0,0,0,0,0,0,0,0,0,0,0,77,77,77,77,0,0,0,0,0,0,0,0,0,0,0,0,0,0,0,0,0,0,0,0,0,0,0,0,0,0,0,0,0,0,0,0,0,0,0,0,0,0,0,0,0,0,0,0,0,0,0,0,0,0,0,0,0,0,0,0,0,0,0,0,0,0,0,0,0,0,0,0,0,0,0,0,0,0,0,0,0,0,0,0,0,0,0,0,0,0,0,0,0
129,0,0,0,0,0,0,0,0,0,0,0,0,0,0,0,0,0,0,0,0,0,0,0,0,0,0,0,0,0,0,0,0,0,0,0,0,0,0,0,0,0,0,0,0,0,0,0,0,0,0,0,0,0,0,0,0,0,0,0,0,0,0,0,0,0,0,0,0,0,0,0,0,0,0,0,0,0,0,0,0,0,0,0,0,0,0,0,0,0,0,0,0,0,0,0,0,0,0,0,0,0,0,0,0,0,0,0,0,0,0,0,0,0,0,0,0,0,0,0,0
130,0,0,0,0,0,0,0,0,0,0,0,0,0,0,0,0,0,0,0,0,0,0,0,0,0,0,0,0,0,0,0,0,0,0,0,0,0,0,0,0,0,0,0,0,0,0,0,0,0,0,0,0,0,0,0,0,0,0,0,0,0,0,0,0,0,0,0,0,0,0,0,0,0,0,0,0,0,0,0,0,0,0,0,0,0,0,0,0,0,0,0,0,0,0,0,0,0,0,0,0,0,0,0,0,0,0,0,0,0,0,0,0,0,0,0,0,0,0,0,0
131,0,0,0,0,0,0,0,0,0,0,0,0,0,0,0,0,0,0,0,0,0,0,0,0,0,0,0,0,0,0,0,0,0,0,0,0,0,0,0,0,0,0,0,0,0,0,0,0,0,0,0,0,0,0,0,0,0,0,0,0,0,0,0,0,0,0,0,0,0,0,0,0,0,0,0,0,0,0,0,0,0,0,0,0,0,0,0,0,0,0,0,0,0,0,0,0,0,0,0,0,0,0,0,0,0,0,0,0,0,0,0,0,0,0,0,0,0,0,0,0
132,0,0,0,0,0,0,0,0,0,0,0,0,0,0,0,0,0,0,0,0,0,0,0,0,0,0,0,0,0,0,0,0,0,0,0,0,0,0,0,0,0,0,0,0,0,0,0,0,0,0,0,0,0,0,0,0,0,0,0,0,0,0,0,0,0,0,0,0,0,0,0,0,0,0,0,0,0,0,0,0,0,0,0,0,0,0,0,0,0,0,0,0,0,0,0,0,0,0,0,0,0,0,0,0,0,0,0,0,0,0,0,0,0,0,0,0,0,0,0,0
133,0,0,0,0,0,0,0,0,0,0,0,0,0,0,0,0,0,0,0,0,0,0,0,0,0,0,0,0,0,0,0,0,0,0,0,0,0,0,0,0,0,0,0,0,0,0,0,0,0,0,0,0,0,0,0,0,0,0,0,0,0,0,0,0,0,0,0,0,0,0,0,0,0,0,0,0,0,0,0,0,0,0,0,0,0,0,0,0,0,0,0,0,0,0,0,0,0,0,0,0,0,0,0,0,0,0,0,0,0,0,0,0,0,0,0,0,0,0,0,0
134,0,0,0,0,0,0,0,0,0,0,0,0,0,0,0,0,0,0,0,0,0,0,0,0,0,0,0,0,0,0,0,0,0,0,0,0,0,0,0,0,0,0,0,0,0,0,0,0,0,0,0,0,0,0,0,0,0,0,0,0,0,0,0,0,0,0,0,0,0,0,0,0,0,0,0,0,0,0,0,0,0,0,0,0,0,0,0,0,0,0,0,0,0,0,0,0,0,0,0,0,0,0,0,0,0,0,0,0,0,0,0,0,0,0,0,0,0,0,0,0
135,0,0,0,0,0,0,0,0,0,0,0,0,0,0,0,0,0,0,0,0,0,0,0,0,0,0,0,0,0,0,0,0,0,0,0,0,0,0,0,0,0,0,0,0,0,0,0,0,0,0,0,0,0,0,0,0,0,0,0,0,0,0,0,0,0,0,0,0,0,0,0,0,0,0,0,0,0,0,0,0,0,0,0,0,0,0,0,0,0,0,0,0,0,0,0,0,0,0,0,0,0,0,0,0,0,0,0,0,0,0,0,0,0,0,0,0,0,0,0,0
136,0,0,0,0,0,0,0,0,0,0,0,0,0,0,0,0,0,0,0,0,0,0,0,0,0,0,0,0,0,0,0,0,0,0,0,0,0,0,0,0,0,0,0,0,0,0,0,0,0,0,0,0,0,0,0,0,0,0,0,0,0,0,0,0,0,0,0,0,0,0,0,0,0,0,0,0,0,0,0,0,0,0,0,0,0,0,0,0,0,0,0,0,0,0,0,0,0,0,0,0,0,0,0,0,0,0,0,0,0,0,0,0,0,0,0,0,0,0,0,0
137,0,0,0,0,0,0,0,0,0,0,0,0,0,0,0,0,0,0,0,0,0,0,0,0,0,0,0,0,0,0,0,0,0,0,0,0,0,0,0,0,0,0,0,0,0,0,0,0,0,0,0,0,0,0,0,0,0,0,0,0,0,0,0,0,0,0,0,0,0,0,0,0,0,0,0,0,0,0,0,0,0,0,0,0,0,0,0,0,0,0,0,0,0,0,0,0,0,0,0,0,0,0,0,0,0,0,0,0,0,0,0,0,0,0,0,0,0,0,0,0
138,0,0,0,0,0,0,0,0,0,0,0,0,0,0,0,0,0,0,0,0,0,0,0,0,0,0,0,0,0,0,0,0,0,0,0,0,0,0,0,0,0,0,0,0,0,0,0,0,0,0,0,0,0,0,0,0,0,0,0,0,0,0,0,0,0,0,0,0,0,0,0,0,0,0,0,0,0,0,0,0,0,0,0,0,0,0,0,0,0,0,0,0,0,0,0,0,0,0,0,0,0,0,0,0,0,0,0,0,0,0,0,0,0,0,0,0,0,0,0,0
139,0,0,0,0,0,0,0,0,0,0,0,0,0,0,0,0,0,0,0,0,0,0,0,0,0,0,0,0,0,0,0,0,0,0,0,0,0,0,0,0,0,0,0,0,0,0,0,0,0,0,0,0,0,0,0,0,0,0,0,0,0,0,0,0,0,0,0,0,0,0,0,0,0,0,0,0,0,0,0,0,0,0,0,0,0,0,0,0,0,0,0,0,0,0,0,0,0,0,0,0,0,0,0,0,0,0,0,0,0,0,0,0,0,0,0,0,0,0,0,0
140,0,0,0,0,0,0,0,0,0,0,0,0,0,0,0,0,0,0,0,0,0,0,0,0,0,0,0,0,0,0,0,0,0,0,0,0,0,0,0,0,0,0,0,0,0,0,0,0,0,0,0,0,0,0,0,0,0,0,0,0,0,0,0,0,0,0,0,0,0,0,0,0,0,0,0,0,0,0,0,0,0,0,0,0,0,0,0,0,0,0,0,0,0,0,0,0,0,0,0,0,0,0,0,0,0,0,0,0,0,0,0,0,0,0,0,0,0,0,0,0
141,0,0,0,0,0,0,0,0,0,0,0,0,0,0,0,0,0,0,0,0,0,0,0,0,0,0,0,0,0,0,0,0,0,0,0,0,0,0,0,0,0,0,0,0,0,0,0,0,0,0,0,0,0,0,0,0,0,0,0,0,0,0,0,0,0,0,0,0,0,0,0,0,0,0,0,0,0,0,0,0,0,0,0,0,0,0,0,0,0,0,0,0,0,0,0,0,0,0,0,0,0,0,0,0,0,0,0,0,0,0,0,0,0,0,0,0,0,0,0,0
142,0,0,0,0,0,0,0,0,0,0,0,0,0,0,0,0,0,0,0,0,0,0,0,0,0,0,0,0,0,0,0,0,0,0,0,0,0,0,0,0,0,0,0,0,0,0,0,0,0,0,0,0,0,0,0,0,0,0,0,0,0,0,0,0,0,0,0,0,0,0,0,0,0,0,0,0,0,0,0,0,0,0,0,0,0,0,0,0,0,0,0,0,0,0,0,0,0,0,0,0,0,0,0,0,0,0,0,0,0,0,0,0,0,0,0,0,0,0,0,0
143,0,0,0,0,0,0,0,0,0,0,0,0,0,0,0,0,0,0,0,0,0,0,0,0,0,0,0,0,0,0,0,0,0,0,0,0,0,0,0,0,0,0,0,0,0,0,0,0,0,0,0,0,0,0,0,0,0,0,0,0,0,0,0,0,0,0,0,0,0,0,0,0,0,0,0,0,0,0,0,0,0,0,0,0,0,0,0,0,0,0,0,0,0,0,0,0,0,0,0,0,0,0,0,0,0,0,0,0,0,0,0,0,0,0,0,0,0,0,0,0
144,0,0,0,0,0,0,0,0,0,0,0,0,0,0,0,0,0,0,0,0,0,0,0,0,0,0,0,0,0,0,0,0,0,0,0,0,0,0,0,0,0,0,0,0,0,0,0,0,0,0,0,0,0,0,0,0,0,0,0,0,0,0,0,0,0,0,0,0,0,0,0,0,0,0,0,0,0,0,0,0,0,0,0,0,0,0,0,0,0,0,0,0,0,0,0,0,0,0,0,0,0,0,0,0,0,0,0,0,0,0,0,0,0,0,0,0,0,0,0,0
145,0,0,0,0,0,0,0,0,0,0,0,0,0,0,0,0,0,0,0,0,0,0,0,0,0,0,0,0,0,0,0,0,0,0,0,0,0,0,0,0,0,0,0,0,0,0,0,0,0,0,0,0,0,0,0,0,0,0,0,0,0,0,0,0,0,0,0,0,0,0,0,0,0,0,0,0,0,0,0,0,0,0,0,0,0,0,0,0,0,0,0,0,0,0,0,0,0,0,0,0,0,0,0,0,0,0,0,0,0,0,0,0,0,0,0,0,0,0,0,0
146,0,0,0,0,0,0,0,0,0,0,0,0,0,0,0,0,0,0,0,0,0,0,0,0,0,0,0,0,0,0,0,0,0,0,0,0,0,0,0,0,0,0,0,0,0,0,0,0,0,0,0,0,0,0,0,0,0,0,0,0,0,0,0,0,0,0,0,0,0,0,0,0,0,0,0,0,0,0,0,0,0,0,0,0,0,0,0,0,0,0,0,0,0,0,0,0,0,0,0,0,0,0,0,0,0,0,0,0,0,0,0,0,0,0,0,0,0,0,0,0
147,0,0,0,0,0,0,0,0,0,0,0,0,0,0,0,0,0,0,0,0,0,0,0,0,0,0,0,0,0,0,0,0,0,0,0,0,0,0,0,0,0,0,0,0,0,0,0,0,0,0,0,0,0,0,0,0,0,0,0,0,0,0,0,0,0,0,0,0,0,0,0,0,0,0,0,0,0,0,0,0,0,0,0,0,0,0,0,0,0,0,0,0,0,0,0,0,0,0,0,0,0,0,0,0,0,0,0,0,0,0,0,0,0,0,0,0,0,0,0,0
148,0,0,0,0,0,0,0,0,0,0,0,0,0,0,0,0,0,0,0,0,0,0,0,0,0,0,0,0,0,0,0,0,0,0,0,0,0,0,0,0,0,0,0,0,0,0,0,0,0,0,0,0,0,0,0,0,0,0,0,0,0,0,0,0,0,0,0,0,0,0,0,0,0,0,0,0,0,0,0,0,0,0,0,0,0,0,0,0,0,0,0,0,0,0,0,0,0,0,0,0,0,0,0,0,0,0,0,0,0,0,0,0,0,0,0,0,0,0,0,0
149,0,0,0,0,0,0,0,0,0,0,0,0,0,0,0,0,0,0,0,0,0,0,0,0,0,0,0,0,0,0,0,0,0,0,0,0,0,0,0,0,0,0,0,0,0,0,0,0,0,0,0,0,0,0,0,0,0,0,0,0,0,0,0,0,0,0,0,0,0,0,0,0,0,0,0,0,0,0,0,0,0,0,0,0,0,0,0,0,0,0,0,0,0,0,0,0,0,0,0,0,0,0,0,0,0,0,0,0,0,0,0,0,0,0,0,0,0,0,0,0
150,0,0,0,0,0,0,0,0,0,0,0,0,0,0,0,0,0,0,0,0,0,0,0,0,0,0,0,0,0,0,0,0,0,0,0,0,0,0,0,0,0,0,0,0,0,0,0,0,0,0,0,0,0,0,0,0,0,0,0,0,0,0,0,0,0,0,0,0,0,0,0,0,0,0,0,0,0,0,0,0,0,0,0,0,0,0,0,0,0,0,0,0,0,0,0,0,0,0,0,0,0,0,0,0,0,0,0,0,0,0,0,0,0,0,0,0,0,0,0,0
151,0,0,0,0,0,0,0,0,0,0,0,0,0,0,0,0,0,0,0,0,0,0,0,0,0,0,0,0,0,0,0,0,0,0,0,0,0,0,0,0,0,0,0,0,0,0,0,0,0,0,0,0,0,0,0,0,0,0,0,0,0,0,0,0,0,0,0,0,0,0,0,0,0,0,0,0,0,0,0,0,0,0,0,0,0,0,0,0,0,0,0,0,0,0,0,0,0,0,0,0,0,0,0,0,0,0,0,0,0,0,0,0,0,0,0,0,0,0,0,0
152,0,0,0,0,0,0,0,0,0,0,0,0,0,0,0,0,0,0,0,0,0,0,0,0,0,0,0,0,0,0,0,0,0,0,0,0,0,0,0,0,0,0,0,0,0,0,0,0,0,0,0,0,0,0,0,0,0,0,0,0,0,0,0,0,0,0,0,0,0,0,0,0,0,0,0,0,0,0,0,0,0,0,0,0,0,0,0,0,0,0,0,0,0,0,0,0,0,0,0,0,0,0,0,0,0,0,0,0,0,0,0,0,0,0,0,0,0,0,0,0
153,0,0,0,0,0,0,0,0,0,0,0,0,0,0,0,0,0,0,0,0,0,0,0,0,0,0,0,0,0,0,0,0,0,0,0,0,0,0,0,0,0,0,0,0,0,0,0,0,0,0,0,0,0,0,0,0,0,0,0,0,0,0,0,0,0,0,0,0,0,0,0,0,0,0,0,0,0,0,0,0,0,0,0,0,0,0,0,0,0,0,0,0,0,0,0,0,0,0,0,0,0,0,0,0,0,0,0,0,0,0,0,0,0,0,0,0,0,0,0,0
154,0,0,0,0,0,0,0,0,0,0,0,0,0,0,0,0,0,0,0,0,0,0,0,0,0,0,0,0,0,0,0,0,0,0,0,0,0,0,0,0,0,0,0,0,0,0,0,0,0,0,0,0,0,0,0,0,0,0,0,0,0,0,0,0,0,0,0,0,0,0,0,0,0,0,0,0,0,0,0,0,0,0,0,0,0,0,0,0,0,0,0,0,0,0,0,0,0,0,0,0,0,0,0,0,0,0,0,0,0,0,0,0,0,0,0,0,0,0,0,0
