,0,1,2,3,4,5,6,7,8,9,10,11,12,13,14,15,16,17,18,19,20,21,22,23,24,25,26,27,28,29,30,31,32,33,34,35,36,37,38,39,40,41,42,43,44,45,46,47,48,49,50,51,52,53,54,55,56,57,58,59,60,61,62,63,64,65,66,67,68,69,70,71,72,73,74,75,76,77,78,79,80,81,82,83,84,85,86,87,88,89,90,91,92,93,94,95,96,97,98,99,100,101,102,103,104,105,106,107,108,109,110,111,112,113,114,115,116,117,118
0,356.0,357.0,358.0,359.0,360.0,361.0,362.0,363.0,364.0,365.0,366.0,367.0,368.0,369.0,370.0,371.0,372.0,373.0,374.0,375.0,376.0,377.0,378.0,379.0,380.0,381.0,382.0,383.0,384.0,385.0,386.0,387.0,388.0,389.0,390.0,391.0,392.0,393.0,394.0,395.0,396.0,397.0,398.0,399.0,400.0,401.0,402.0,403.0,404.0,405.0,406.0,407.0,408.0,409.0,410.0,411.0,412.0,413.0,414.0,415.0,416.0,417.0,418.0,419.0,420.0,421.0,422.0,423.0,424.0,425.0,426.0,427.0,428.0,429.0,430.0,431.0,432.0,433.0,434.0,435.0,436.0,437.0,438.0,439.0,440.0,441.0,442.0,443.0,444.0,445.0,446.0,447.0,448.0,449.0,450.0,451.0,452.0,453.0,454.0,455.0,456.0,457.0,458.0,459.0,460.0,461.0,462.0,463.0,464.0,465.0,466.0,467.0,468.0,469.0,470.0,471.0,472.0,473.0,474.0
1,0.0,0.0,0.0,0.0,0.0,0.0,0.0,0.0,0.0,0.0,0.0,0.0,0.0,0.0,0.0,0.0,0.0,0.0,0.0,0.0,0.0,0.0,0.0,0.0,0.0,0.0,0.0,0.0,0.0,0.0,0.0,0.0,0.0,0.0,0.0,0.0,0.0,0.0,0.0,0.0,0.0,0.0,0.0,0.0,0.0,0.0,0.0,0.0,0.0,0.0,0.0,0.0,0.0,0.0,0.0,0.0,0.0,0.0,0.0,0.0,0.0,0.0,0.0,0.0,0.0,0.0,0.0,0.0,0.0,0.0,0.0,0.0,0.0,0.0,0.0,0.0,0.0,0.0,0.0,0.0,0.0,0.0,0.0,0.0,0.0,0.0,0.0,0.0,0.0,0.0,0.0,0.0,0.0,0.0,0.0,0.0,0.0,0.0,0.0,0.0,0.0,0.0,0.0,0.0,0.0,0.0,0.0,0.0,0.0,0.0,0.0,0.0,0.0,0.0,0.0,0.0,0.0,0.0,0.0
2,0.0,0.0,0.0,0.0,0.0,0.0,0.0,0.0,0.0,0.0,0.0,0.0,0.0,0.0,0.0,0.0,0.0,0.0,0.0,0.0,0.0,0.0,0.0,0.0,0.0,0.0,0.0,0.0,0.0,0.0,0.0,0.0,0.0,0.0,0.0,0.0,0.0,0.0,0.0,0.0,0.0,0.0,0.0,0.0,0.0,0.0,0.0,0.0,0.0,0.0,0.0,0.0,0.0,0.0,0.0,0.0,0.0,0.0,0.0,0.0,0.0,0.0,0.0,0.0,0.0,0.0,0.0,0.0,0.0,0.0,0.0,0.0,0.0,0.0,0.0,0.0,0.0,0.0,0.0,0.0,0.0,0.0,0.0,0.0,0.0,0.0,0.0,0.0,0.0,0.0,0.0,0.0,0.0,0.0,0.0,0.0,0.0,0.0,0.0,0.0,0.0,0.0,0.0,0.0,0.0,0.0,0.0,0.0,0.0,0.0,0.0,0.0,0.0,0.0,0.0,0.0,0.0,0.0,0.0
3,0.0,0.0,0.0,0.0,0.0,0.0,0.0,0.0,0.0,0.0,0.0,0.0,0.0,0.0,0.0,0.0,0.0,0.0,0.0,0.0,0.0,0.0,0.0,0.0,0.0,0.0,0.0,0.0,0.0,0.0,0.0,0.0,0.0,0.0,0.0,0.0,0.0,0.0,0.0,0.0,0.0,0.0,0.0,0.0,0.0,0.0,0.0,0.0,0.0,0.0,0.0,0.0,0.0,0.0,0.0,0.0,0.0,0.0,0.0,0.0,0.0,0.0,0.0,0.0,0.0,0.0,0.0,0.0,0.0,0.0,0.0,0.0,0.0,0.0,0.0,0.0,0.0,0.0,0.0,0.0,0.0,0.0,0.0,0.0,0.0,0.0,0.0,0.0,0.0,0.0,0.0,0.0,0.0,0.0,0.0,0.0,0.0,0.0,0.0,0.0,0.0,0.0,0.0,0.0,0.0,0.0,0.0,0.0,0.0,0.0,0.0,0.0,0.0,0.0,0.0,0.0,0.0,0.0,0.0
4,0.0,0.0,0.0,0.0,0.0,0.0,0.0,0.0,0.0,0.0,0.0,0.0,0.0,0.0,0.0,0.0,0.0,0.0,0.0,0.0,0.0,0.0,0.0,0.0,0.0,0.0,0.0,0.0,0.0,0.0,0.0,0.0,0.0,0.0,0.0,0.0,0.0,0.0,0.0,0.0,0.0,0.0,0.0,0.0,0.0,0.0,0.0,0.0,0.0,0.0,0.0,0.0,0.0,0.0,0.0,0.0,0.0,0.0,0.0,0.0,0.0,0.0,0.0,0.0,0.0,0.0,0.0,0.0,0.0,0.0,0.0,0.0,0.0,0.0,0.0,0.0,0.0,0.0,0.0,0.0,0.0,0.0,0.0,0.0,0.0,0.0,0.0,0.0,0.0,0.0,0.0,0.0,0.0,0.0,0.0,0.0,0.0,0.0,0.0,0.0,0.0,0.0,0.0,0.0,0.0,0.0,0.0,0.0,0.0,0.0,0.0,0.0,0.0,0.0,0.0,0.0,0.0,0.0,0.0
5,0.0,0.0,0.0,0.0,0.0,0.0,0.0,0.0,0.0,0.0,0.0,0.0,0.0,0.0,0.0,0.0,0.0,0.0,0.0,0.0,0.0,0.0,0.0,0.0,0.0,0.0,0.0,0.0,0.0,0.0,0.0,0.0,0.0,0.0,0.0,0.0,0.0,0.0,0.0,0.0,0.0,0.0,0.0,0.0,0.0,0.0,0.0,0.0,0.0,0.0,0.0,0.0,0.0,0.0,0.0,0.0,0.0,0.0,0.0,0.0,0.0,0.0,0.0,0.0,0.0,0.0,0.0,0.0,0.0,0.0,0.0,0.0,0.0,0.0,0.0,0.0,0.0,0.0,0.0,0.0,0.0,0.0,0.0,0.0,0.0,0.0,0.0,0.0,0.0,0.0,0.0,0.0,0.0,0.0,0.0,0.0,0.0,0.0,0.0,0.0,0.0,0.0,0.0,0.0,0.0,0.0,0.0,0.0,0.0,0.0,0.0,0.0,0.0,0.0,0.0,0.0,0.0,0.0,0.0
6,0.0,0.0,0.0,0.0,0.0,0.0,0.0,0.0,0.0,0.0,0.0,0.0,0.0,0.0,0.0,0.0,0.0,0.0,0.0,0.0,0.0,0.0,0.0,0.0,0.0,0.0,0.0,0.0,0.0,0.0,0.0,0.0,0.0,0.0,0.0,0.0,0.0,0.0,0.0,0.0,0.0,0.0,0.0,0.0,0.0,0.0,0.0,0.0,0.0,0.0,0.0,0.0,0.0,0.0,0.0,0.0,0.0,0.0,0.0,0.0,0.0,0.0,0.0,0.0,0.0,0.0,0.0,0.0,0.0,0.0,0.0,0.0,0.0,0.0,0.0,0.0,0.0,0.0,0.0,0.0,0.0,0.0,0.0,0.0,0.0,0.0,0.0,0.0,0.0,0.0,0.0,0.0,0.0,0.0,0.0,0.0,0.0,0.0,0.0,0.0,0.0,0.0,0.0,0.0,0.0,0.0,0.0,0.0,0.0,0.0,0.0,0.0,0.0,0.0,0.0,0.0,0.0,0.0,0.0
7,0.0,0.0,0.0,0.0,0.0,0.0,0.0,0.0,0.0,0.0,0.0,0.0,0.0,0.0,0.0,0.0,0.0,0.0,0.0,0.0,0.0,0.0,0.0,0.0,0.0,0.0,0.0,0.0,0.0,0.0,0.0,0.0,0.0,0.0,0.0,0.0,0.0,0.0,0.0,0.0,0.0,0.0,0.0,0.0,0.0,0.0,0.0,0.0,0.0,0.0,0.0,0.0,0.0,0.0,0.0,0.0,0.0,0.0,0.0,0.0,0.0,0.0,0.0,0.0,0.0,0.0,0.0,0.0,0.0,0.0,0.0,0.0,0.0,0.0,0.0,0.0,0.0,0.0,0.0,0.0,0.0,0.0,0.0,0.0,0.0,0.0,0.0,0.0,0.0,0.0,0.0,0.0,0.0,0.0,0.0,0.0,0.0,0.0,0.0,0.0,0.0,0.0,0.0,0.0,0.0,0.0,0.0,0.0,0.0,0.0,0.0,0.0,0.0,0.0,0.0,0.0,0.0,0.0,0.0
8,0.0,0.0,0.0,0.0,0.0,0.0,0.0,0.0,0.0,0.0,0.0,0.0,0.0,0.0,0.0,0.0,0.0,0.0,0.0,0.0,0.0,0.0,0.0,0.0,0.0,0.0,0.0,0.0,0.0,0.0,0.0,0.0,0.0,0.0,0.0,0.0,0.0,0.0,0.0,0.0,0.0,0.0,0.0,0.0,0.0,0.0,0.0,0.0,0.0,0.0,0.0,0.0,0.0,0.0,0.0,0.0,0.0,0.0,0.0,0.0,0.0,0.0,0.0,0.0,0.0,0.0,0.0,0.0,0.0,0.0,0.0,0.0,0.0,0.0,0.0,0.0,0.0,0.0,0.0,0.0,0.0,0.0,0.0,0.0,0.0,0.0,0.0,0.0,0.0,0.0,0.0,0.0,0.0,0.0,0.0,0.0,0.0,0.0,0.0,0.0,0.0,0.0,0.0,0.0,0.0,0.0,0.0,0.0,0.0,0.0,0.0,0.0,0.0,0.0,0.0,0.0,0.0,0.0,0.0
9,0.0,0.0,0.0,0.0,0.0,0.0,0.0,0.0,0.0,0.0,0.0,0.0,0.0,0.0,0.0,0.0,0.0,0.0,0.0,0.0,0.0,0.0,0.0,0.0,0.0,0.0,0.0,0.0,0.0,0.0,0.0,0.0,0.0,0.0,0.0,0.0,0.0,0.0,0.0,0.0,0.0,0.0,0.0,0.0,0.0,0.0,0.0,0.0,0.0,0.0,0.0,0.0,0.0,0.0,0.0,0.0,0.0,0.0,0.0,0.0,0.0,0.0,0.0,0.0,0.0,0.0,0.0,0.0,0.0,0.0,0.0,0.0,0.0,0.0,0.0,0.0,0.0,0.0,0.0,0.0,0.0,0.0,0.0,0.0,0.0,0.0,0.0,0.0,0.0,0.0,0.0,0.0,0.0,0.0,0.0,0.0,0.0,0.0,0.0,0.0,0.0,0.0,0.0,0.0,0.0,0.0,0.0,0.0,0.0,0.0,0.0,0.0,0.0,0.0,0.0,0.0,0.0,0.0,0.0
10,0.0,0.0,0.0,0.0,0.0,0.0,0.0,0.0,0.0,0.0,0.0,0.0,0.0,0.0,0.0,0.0,0.0,0.0,0.0,0.0,0.0,0.0,0.0,0.0,0.0,0.0,0.0,0.0,0.0,0.0,0.0,0.0,0.0,0.0,0.0,0.0,0.0,0.0,0.0,0.0,0.0,0.0,0.0,0.0,0.0,0.0,0.0,0.0,0.0,0.0,0.0,0.0,0.0,0.0,0.0,0.0,0.0,0.0,0.0,0.0,0.0,0.0,0.0,0.0,0.0,0.0,0.0,0.0,0.0,0.0,0.0,0.0,0.0,0.0,0.0,0.0,0.0,0.0,0.0,0.0,0.0,0.0,0.0,0.0,0.0,0.0,0.0,0.0,0.0,0.0,0.0,0.0,0.0,0.0,0.0,0.0,0.0,0.0,0.0,0.0,0.0,0.0,0.0,0.0,0.0,0.0,0.0,0.0,0.0,0.0,0.0,0.0,0.0,0.0,0.0,0.0,0.0,0.0,0.0
11,0.0,0.0,0.0,0.0,0.0,0.0,0.0,0.0,0.0,0.0,0.0,0.0,0.0,0.0,0.0,0.0,0.0,0.0,0.0,0.0,0.0,0.0,0.0,0.0,0.0,0.0,0.0,0.0,0.0,0.0,0.0,0.0,0.0,0.0,0.0,0.0,0.0,0.0,0.0,0.0,0.0,0.0,0.0,0.0,0.0,0.0,0.0,0.0,0.0,0.0,0.0,0.0,0.0,0.0,0.0,0.0,0.0,0.0,0.0,0.0,0.0,0.0,0.0,0.0,0.0,0.0,0.0,0.0,0.0,0.0,0.0,0.0,0.0,0.0,0.0,0.0,0.0,0.0,0.0,0.0,0.0,0.0,0.0,0.0,0.0,0.0,0.0,0.0,0.0,0.0,0.0,0.0,0.0,0.0,0.0,0.0,0.0,0.0,0.0,0.0,0.0,0.0,0.0,0.0,0.0,0.0,0.0,0.0,0.0,0.0,0.0,0.0,0.0,0.0,0.0,0.0,0.0,0.0,0.0
12,0.0,0.0,0.0,0.0,0.0,0.0,0.0,0.0,0.0,0.0,0.0,0.0,0.0,0.0,0.0,0.0,0.0,0.0,0.0,0.0,0.0,0.0,0.0,0.0,0.0,0.0,0.0,0.0,0.0,0.0,0.0,0.0,0.0,0.0,0.0,0.0,0.0,0.0,0.0,0.0,0.0,0.0,0.0,0.0,0.0,0.0,0.0,0.0,0.0,0.0,0.0,0.0,0.0,0.0,0.0,0.0,0.0,0.0,0.0,0.0,0.0,0.0,0.0,0.0,0.0,0.0,0.0,0.0,0.0,0.0,0.0,0.0,0.0,0.0,0.0,0.0,0.0,0.0,0.0,0.0,0.0,0.0,0.0,0.0,0.0,0.0,0.0,0.0,0.0,0.0,0.0,0.0,0.0,0.0,0.0,0.0,0.0,0.0,0.0,0.0,0.0,0.0,0.0,0.0,0.0,0.0,0.0,0.0,0.0,0.0,0.0,0.0,0.0,0.0,0.0,0.0,0.0,0.0,0.0
13,0.0,0.0,0.0,0.0,0.0,0.0,0.0,0.0,0.0,0.0,0.0,0.0,0.0,0.0,0.0,0.0,0.0,0.0,0.0,0.0,0.0,0.0,0.0,0.0,0.0,0.0,0.0,0.0,0.0,0.0,0.0,0.0,0.0,0.0,0.0,0.0,0.0,0.0,0.0,0.0,0.0,0.0,0.0,0.0,0.0,0.0,0.0,0.0,0.0,0.0,0.0,0.0,0.0,0.0,0.0,0.0,0.0,0.0,0.0,0.0,0.0,0.0,0.0,0.0,0.0,0.0,0.0,0.0,0.0,0.0,0.0,0.0,0.0,0.0,0.0,0.0,0.0,0.0,0.0,0.0,0.0,0.0,0.0,0.0,0.0,0.0,0.0,0.0,0.0,0.0,0.0,0.0,0.0,0.0,0.0,0.0,0.0,0.0,0.0,0.0,0.0,0.0,0.0,0.0,0.0,0.0,0.0,0.0,0.0,0.0,0.0,0.0,0.0,0.0,0.0,0.0,0.0,0.0,0.0
14,0.0,0.0,0.0,0.0,0.0,0.0,0.0,0.0,0.0,0.0,0.0,0.0,0.0,0.0,0.0,0.0,0.0,0.0,0.0,0.0,0.0,0.0,0.0,0.0,0.0,0.0,0.0,0.0,0.0,0.0,0.0,0.0,0.0,0.0,0.0,0.0,0.0,0.0,0.0,0.0,0.0,0.0,0.0,0.0,0.0,0.0,0.0,0.0,0.0,0.0,0.0,0.0,0.0,0.0,0.0,0.0,0.0,0.0,0.0,0.0,0.0,0.0,0.0,0.0,0.0,0.0,0.0,0.0,0.0,0.0,0.0,0.0,0.0,0.0,0.0,0.0,0.0,0.0,0.0,0.0,0.0,0.0,0.0,0.0,0.0,0.0,0.0,0.0,0.0,0.0,0.0,0.0,0.0,0.0,0.0,0.0,0.0,0.0,0.0,0.0,0.0,0.0,0.0,0.0,0.0,0.0,0.0,0.0,0.0,0.0,0.0,0.0,0.0,0.0,0.0,0.0,0.0,0.0,0.0
15,0.0,0.0,0.0,0.0,0.0,0.0,0.0,0.0,0.0,0.0,0.0,0.0,0.0,0.0,0.0,0.0,0.0,0.0,0.0,0.0,0.0,0.0,0.0,0.0,0.0,0.0,0.0,0.0,0.0,0.0,0.0,0.0,0.0,0.0,0.0,0.0,0.0,0.0,0.0,0.0,0.0,0.0,0.0,0.0,0.0,0.0,0.0,0.0,0.0,0.0,0.0,0.0,0.0,0.0,0.0,0.0,0.0,0.0,0.0,0.0,0.0,0.0,0.0,0.0,0.0,0.0,0.0,0.0,0.0,0.0,0.0,0.0,0.0,0.0,0.0,0.0,0.0,0.0,0.0,0.0,0.0,0.0,0.0,0.0,0.0,0.0,0.0,0.0,0.0,0.0,0.0,0.0,0.0,0.0,0.0,0.0,0.0,0.0,0.0,0.0,0.0,0.0,0.0,0.0,0.0,0.0,0.0,0.0,0.0,0.0,0.0,0.0,0.0,0.0,0.0,0.0,0.0,0.0,0.0
16,0.0,0.0,0.0,0.0,0.0,0.0,0.0,0.0,0.0,0.0,0.0,0.0,0.0,0.0,0.0,0.0,0.0,0.0,0.0,0.0,0.0,0.0,0.0,0.0,0.0,0.0,0.0,0.0,0.0,0.0,0.0,0.0,0.0,0.0,0.0,0.0,0.0,0.0,0.0,0.0,0.0,0.0,0.0,0.0,0.0,0.0,0.0,0.0,0.0,0.0,0.0,0.0,0.0,0.0,0.0,0.0,0.0,0.0,0.0,0.0,0.0,0.0,0.0,0.0,0.0,0.0,0.0,0.0,0.0,0.0,0.0,0.0,0.0,0.0,0.0,0.0,0.0,0.0,0.0,0.0,0.0,0.0,0.0,0.0,0.0,0.0,0.0,0.0,0.0,0.0,0.0,0.0,0.0,0.0,0.0,0.0,0.0,0.0,0.0,0.0,0.0,0.0,0.0,0.0,0.0,0.0,0.0,0.0,0.0,0.0,0.0,0.0,0.0,0.0,0.0,0.0,0.0,0.0,0.0
17,0.0,0.0,0.0,0.0,0.0,0.0,0.0,0.0,0.0,0.0,0.0,0.0,0.0,0.0,0.0,0.0,0.0,0.0,0.0,0.0,0.0,0.0,0.0,0.0,0.0,0.0,0.0,0.0,0.0,0.0,0.0,0.0,0.0,0.0,0.0,0.0,0.0,0.0,0.0,0.0,0.0,0.0,0.0,0.0,0.0,0.0,0.0,0.0,0.0,0.0,0.0,0.0,0.0,0.0,0.0,0.0,0.0,0.0,0.0,0.0,0.0,0.0,0.0,0.0,0.0,0.0,0.0,0.0,0.0,0.0,0.0,0.0,0.0,0.0,0.0,0.0,0.0,0.0,0.0,0.0,0.0,0.0,0.0,0.0,0.0,0.0,0.0,0.0,0.0,0.0,0.0,0.0,0.0,0.0,0.0,0.0,0.0,0.0,0.0,0.0,0.0,0.0,0.0,0.0,0.0,0.0,0.0,0.0,0.0,0.0,0.0,0.0,0.0,0.0,0.0,0.0,0.0,0.0,0.0
18,0.0,0.0,0.0,0.0,0.0,0.0,0.0,0.0,0.0,0.0,0.0,0.0,0.0,0.0,0.0,0.0,0.0,0.0,0.0,0.0,0.0,0.0,0.0,0.0,0.0,0.0,0.0,0.0,0.0,0.0,0.0,0.0,0.0,0.0,0.0,0.0,0.0,0.0,0.0,0.0,0.0,0.0,0.0,0.0,0.0,0.0,0.0,0.0,0.0,0.0,0.0,0.0,0.0,0.0,0.0,0.0,0.0,0.0,0.0,0.0,0.0,0.0,0.0,0.0,0.0,0.0,0.0,0.0,0.0,0.0,0.0,0.0,0.0,0.0,0.0,0.0,0.0,0.0,0.0,0.0,0.0,0.0,0.0,0.0,0.0,0.0,0.0,0.0,0.0,0.0,0.0,0.0,0.0,0.0,0.0,0.0,0.0,0.0,0.0,0.0,0.0,0.0,0.0,0.0,0.0,0.0,0.0,0.0,0.0,0.0,0.0,0.0,0.0,0.0,0.0,0.0,0.0,0.0,0.0
19,0.0,0.0,0.0,0.0,0.0,0.0,0.0,0.0,0.0,0.0,0.0,0.0,0.0,0.0,0.0,0.0,0.0,0.0,0.0,0.0,0.0,0.0,0.0,0.0,0.0,0.0,0.0,0.0,0.0,0.0,0.0,0.0,0.0,0.0,0.0,0.0,0.0,0.0,0.0,0.0,0.0,0.0,0.0,0.0,0.0,0.0,0.0,0.0,0.0,0.0,0.0,0.0,0.0,0.0,0.0,0.0,0.0,0.0,0.0,0.0,0.0,0.0,0.0,0.0,0.0,0.0,0.0,0.0,0.0,0.0,0.0,0.0,0.0,0.0,0.0,0.0,0.0,0.0,0.0,0.0,0.0,0.0,0.0,0.0,0.0,0.0,0.0,0.0,0.0,0.0,0.0,0.0,0.0,0.0,0.0,0.0,0.0,0.0,0.0,0.0,0.0,0.0,0.0,0.0,0.0,0.0,0.0,0.0,0.0,0.0,0.0,0.0,0.0,0.0,0.0,0.0,0.0,0.0,0.0
20,0.0,0.0,0.0,0.0,0.0,0.0,0.0,0.0,0.0,0.0,0.0,0.0,0.0,0.0,0.0,0.0,0.0,0.0,0.0,0.0,0.0,0.0,0.0,0.0,0.0,0.0,0.0,0.0,0.0,0.0,0.0,0.0,0.0,0.0,0.0,0.0,0.0,0.0,0.0,0.0,0.0,0.0,0.0,0.0,0.0,0.0,0.0,0.0,0.0,0.0,0.0,0.0,0.0,0.0,0.0,0.0,0.0,0.0,0.0,0.0,0.0,0.0,0.0,0.0,0.0,0.0,0.0,0.0,0.0,0.0,0.0,0.0,0.0,0.0,0.0,0.0,0.0,0.0,0.0,0.0,0.0,0.0,0.0,0.0,0.0,0.0,0.0,0.0,0.0,0.0,0.0,0.0,0.0,0.0,0.0,0.0,0.0,0.0,0.0,0.0,0.0,0.0,0.0,0.0,0.0,0.0,0.0,0.0,0.0,0.0,0.0,0.0,0.0,0.0,0.0,0.0,0.0,0.0,0.0
21,0.0,0.0,0.0,0.0,0.0,0.0,0.0,0.0,0.0,0.0,0.0,0.0,0.0,0.0,0.0,0.0,0.0,0.0,0.0,0.0,0.0,0.0,0.0,0.0,0.0,0.0,0.0,0.0,0.0,0.0,0.0,0.0,0.0,0.0,0.0,0.0,0.0,0.0,0.0,0.0,0.0,0.0,0.0,0.0,0.0,0.0,0.0,0.0,0.0,0.0,0.0,0.0,0.0,0.0,0.0,0.0,0.0,0.0,0.0,0.0,0.0,0.0,0.0,0.0,0.0,0.0,0.0,0.0,0.0,0.0,0.0,0.0,0.0,0.0,0.0,0.0,0.0,0.0,0.0,0.0,0.0,0.0,0.0,0.0,0.0,0.0,0.0,0.0,0.0,0.0,0.0,0.0,0.0,0.0,0.0,0.0,0.0,0.0,0.0,0.0,0.0,0.0,0.0,0.0,0.0,0.0,0.0,0.0,0.0,0.0,0.0,0.0,0.0,0.0,0.0,0.0,0.0,0.0,0.0
22,0.0,0.0,0.0,0.0,0.0,0.0,0.0,0.0,0.0,0.0,0.0,0.0,0.0,0.0,0.0,0.0,0.0,0.0,0.0,0.0,0.0,0.0,0.0,0.0,0.0,0.0,0.0,0.0,0.0,0.0,0.0,0.0,0.0,0.0,0.0,0.0,0.0,0.0,0.0,0.0,0.0,0.0,0.0,0.0,0.0,0.0,0.0,0.0,0.0,0.0,0.0,0.0,0.0,0.0,0.0,0.0,0.0,0.0,0.0,0.0,0.0,0.0,0.0,0.0,0.0,0.0,0.0,0.0,0.0,0.0,0.0,0.0,0.0,0.0,0.0,0.0,0.0,0.0,0.0,0.0,0.0,0.0,0.0,0.0,0.0,0.0,0.0,0.0,0.0,0.0,0.0,0.0,0.0,0.0,0.0,0.0,0.0,0.0,0.0,0.0,0.0,0.0,0.0,0.0,0.0,0.0,0.0,0.0,0.0,0.0,0.0,0.0,0.0,0.0,0.0,0.0,0.0,0.0,0.0
23,0.0,0.0,0.0,0.0,0.0,0.0,0.0,0.0,0.0,0.0,0.0,0.0,0.0,0.0,0.0,0.0,0.0,0.0,0.0,0.0,0.0,0.0,0.0,0.0,0.0,0.0,0.0,0.0,0.0,0.0,0.0,0.0,0.0,0.0,0.0,0.0,0.0,0.0,0.0,0.0,0.0,0.0,0.0,0.0,0.0,0.0,0.0,0.0,0.0,0.0,0.0,0.0,0.0,0.0,0.0,0.0,0.0,0.0,0.0,0.0,0.0,0.0,0.0,0.0,0.0,0.0,0.0,0.0,0.0,0.0,0.0,0.0,0.0,0.0,0.0,0.0,0.0,0.0,0.0,0.0,0.0,0.0,0.0,0.0,0.0,0.0,0.0,0.0,0.0,0.0,0.0,0.0,0.0,0.0,0.0,0.0,0.0,0.0,0.0,0.0,0.0,0.0,0.0,0.0,0.0,0.0,0.0,0.0,0.0,0.0,0.0,0.0,0.0,0.0,0.0,0.0,0.0,0.0,0.0
24,0.0,0.0,0.0,0.0,0.0,0.0,0.0,0.0,0.0,0.0,0.0,0.0,0.0,0.0,0.0,0.0,0.0,0.0,0.0,0.0,0.0,0.0,0.0,0.0,0.0,0.0,0.0,0.0,0.0,0.0,0.0,0.0,0.0,0.0,0.0,0.0,0.0,0.0,0.0,0.0,0.0,0.0,0.0,0.0,0.0,0.0,0.0,0.0,0.0,0.0,0.0,0.0,0.0,0.0,0.0,0.0,0.0,0.0,0.0,0.0,0.0,0.0,0.0,0.0,0.0,0.0,0.0,0.0,0.0,0.0,0.0,0.0,0.0,0.0,0.0,0.0,0.0,0.0,0.0,0.0,0.0,0.0,0.0,0.0,0.0,0.0,0.0,0.0,0.0,0.0,0.0,0.0,0.0,0.0,0.0,0.0,0.0,0.0,0.0,0.0,0.0,0.0,0.0,0.0,0.0,0.0,0.0,0.0,0.0,0.0,0.0,0.0,0.0,0.0,0.0,0.0,0.0,0.0,0.0
25,0.0,0.0,0.0,0.0,0.0,0.0,0.0,0.0,0.0,0.0,0.0,0.0,0.0,0.0,0.0,0.0,0.0,0.0,0.0,0.0,0.0,0.0,0.0,0.0,0.0,0.0,0.0,0.0,0.0,0.0,0.0,0.0,0.0,0.0,0.0,0.0,0.0,0.0,0.0,0.0,0.0,0.0,0.0,0.0,0.0,0.0,0.0,0.0,0.0,0.0,0.0,0.0,0.0,0.0,0.0,0.0,0.0,0.0,0.0,0.0,0.0,0.0,0.0,0.0,0.0,0.0,0.0,0.0,0.0,0.0,0.0,0.0,0.0,0.0,0.0,0.0,0.0,0.0,0.0,0.0,0.0,0.0,0.0,0.0,0.0,0.0,0.0,0.0,0.0,0.0,0.0,0.0,0.0,0.0,0.0,0.0,0.0,0.0,0.0,0.0,0.0,0.0,0.0,0.0,0.0,0.0,0.0,0.0,0.0,0.0,0.0,0.0,0.0,0.0,0.0,0.0,0.0,0.0,0.0
26,0.0,0.0,0.0,0.0,0.0,0.0,0.0,0.0,0.0,0.0,0.0,0.0,0.0,0.0,0.0,0.0,0.0,0.0,0.0,0.0,0.0,0.0,0.0,0.0,0.0,0.0,0.0,0.0,0.0,0.0,0.0,0.0,0.0,0.0,0.0,0.0,0.0,0.0,0.0,0.0,0.0,0.0,0.0,0.0,0.0,0.0,0.0,0.0,0.0,0.0,0.0,0.0,0.0,0.0,0.0,0.0,0.0,0.0,0.0,0.0,0.0,0.0,0.0,0.0,0.0,0.0,0.0,0.0,0.0,0.0,0.0,0.0,0.0,0.0,0.0,0.0,0.0,0.0,0.0,0.0,0.0,0.0,0.0,0.0,0.0,0.0,0.0,0.0,0.0,0.0,0.0,0.0,0.0,0.0,0.0,0.0,0.0,0.0,0.0,0.0,0.0,0.0,0.0,0.0,0.0,0.0,0.0,0.0,0.0,0.0,0.0,0.0,0.0,0.0,0.0,0.0,0.0,0.0,0.0
27,0.0,0.0,0.0,0.0,0.0,0.0,0.0,0.0,0.0,0.0,0.0,0.0,0.0,0.0,0.0,0.0,4.0,4.0,4.0,4.0,4.0,4.0,4.0,4.0,4.0,4.0,4.0,4.0,4.0,4.0,4.0,4.0,4.0,4.0,0.0,0.0,0.0,0.0,0.0,0.0,0.0,0.0,0.0,0.0,0.0,0.0,0.0,0.0,0.0,0.0,0.0,0.0,0.0,0.0,0.0,0.0,0.0,0.0,0.0,0.0,0.0,0.0,0.0,0.0,0.0,0.0,0.0,0.0,0.0,0.0,0.0,0.0,0.0,0.0,0.0,0.0,0.0,0.0,0.0,0.0,0.0,0.0,0.0,0.0,0.0,0.0,0.0,0.0,0.0,0.0,0.0,0.0,0.0,0.0,0.0,0.0,0.0,0.0,0.0,0.0,0.0,0.0,0.0,0.0,0.0,0.0,0.0,0.0,0.0,0.0,0.0,24.0,24.0,24.0,24.0,0.0,0.0,0.0,0.0
28,0.0,0.0,0.0,0.0,0.0,0.0,0.0,0.0,0.0,0.0,0.0,9.0,9.0,3.0,3.0,4.0,4.0,4.0,4.0,4.0,4.0,4.0,4.0,4.0,4.0,4.0,4.0,4.0,4.0,4.0,4.0,4.0,4.0,4.0,4.0,4.0,4.0,0.0,0.0,11.0,11.0,11.0,0.0,0.0,0.0,0.0,0.0,0.0,0.0,0.0,0.0,0.0,0.0,0.0,0.0,0.0,0.0,0.0,0.0,0.0,0.0,0.0,0.0,0.0,0.0,0.0,0.0,0.0,0.0,0.0,0.0,0.0,0.0,0.0,0.0,0.0,0.0,0.0,38.0,38.0,38.0,38.0,0.0,0.0,0.0,0.0,0.0,0.0,0.0,0.0,0.0,0.0,0.0,0.0,0.0,0.0,0.0,0.0,0.0,0.0,0.0,0.0,0.0,0.0,0.0,0.0,0.0,0.0,0.0,24.0,24.0,24.0,24.0,24.0,24.0,24.0,24.0,0.0,0.0
29,0.0,0.0,0.0,0.0,0.0,0.0,0.0,37.0,37.0,37.0,37.0,9.0,9.0,3.0,3.0,4.0,4.0,4.0,4.0,4.0,4.0,4.0,4.0,4.0,4.0,4.0,4.0,4.0,4.0,4.0,4.0,4.0,4.0,4.0,4.0,4.0,4.0,4.0,10.0,11.0,11.0,11.0,11.0,12.0,12.0,16.0,16.0,16.0,13.0,13.0,13.0,13.0,13.0,0.0,0.0,0.0,0.0,0.0,0.0,0.0,0.0,0.0,0.0,0.0,0.0,0.0,0.0,0.0,0.0,0.0,0.0,0.0,0.0,0.0,0.0,0.0,0.0,38.0,38.0,38.0,38.0,38.0,38.0,0.0,0.0,0.0,0.0,0.0,0.0,0.0,0.0,0.0,0.0,0.0,0.0,0.0,0.0,0.0,0.0,0.0,0.0,0.0,0.0,0.0,0.0,0.0,0.0,0.0,24.0,24.0,24.0,24.0,24.0,24.0,24.0,24.0,24.0,24.0,0.0
30,0.0,0.0,0.0,0.0,0.0,37.0,37.0,37.0,37.0,37.0,37.0,9.0,9.0,9.0,3.0,4.0,4.0,4.0,4.0,4.0,4.0,4.0,4.0,4.0,4.0,4.0,4.0,4.0,4.0,4.0,4.0,4.0,4.0,4.0,4.0,4.0,4.0,4.0,10.0,11.0,11.0,11.0,11.0,12.0,12.0,16.0,16.0,16.0,13.0,13.0,13.0,13.0,13.0,13.0,23.0,0.0,0.0,0.0,0.0,0.0,0.0,0.0,0.0,0.0,0.0,0.0,0.0,0.0,0.0,0.0,0.0,0.0,0.0,0.0,0.0,0.0,38.0,38.0,38.0,38.0,38.0,38.0,38.0,38.0,0.0,0.0,0.0,0.0,0.0,0.0,0.0,0.0,0.0,0.0,0.0,0.0,0.0,0.0,0.0,0.0,0.0,0.0,0.0,0.0,0.0,0.0,0.0,0.0,24.0,24.0,24.0,24.0,24.0,24.0,24.0,24.0,24.0,24.0,40.0
31,48.0,0.0,0.0,0.0,37.0,37.0,37.0,37.0,37.0,37.0,37.0,37.0,9.0,9.0,3.0,4.0,4.0,4.0,4.0,4.0,4.0,4.0,4.0,4.0,4.0,4.0,4.0,4.0,4.0,4.0,4.0,4.0,4.0,4.0,4.0,4.0,4.0,4.0,10.0,11.0,11.0,11.0,12.0,12.0,16.0,16.0,16.0,16.0,16.0,13.0,13.0,13.0,13.0,13.0,23.0,23.0,0.0,0.0,0.0,0.0,0.0,0.0,0.0,0.0,0.0,0.0,0.0,0.0,0.0,0.0,0.0,0.0,0.0,0.0,0.0,38.0,38.0,38.0,38.0,38.0,38.0,38.0,38.0,38.0,0.0,0.0,0.0,0.0,0.0,0.0,0.0,0.0,0.0,0.0,0.0,0.0,0.0,0.0,0.0,0.0,0.0,0.0,0.0,0.0,0.0,0.0,0.0,24.0,24.0,24.0,24.0,24.0,24.0,24.0,24.0,24.0,24.0,24.0,40.0
32,48.0,0.0,0.0,37.0,37.0,37.0,37.0,37.0,37.0,37.0,37.0,37.0,9.0,0.0,0.0,0.0,4.0,4.0,4.0,4.0,4.0,4.0,0.0,0.0,4.0,4.0,4.0,4.0,4.0,4.0,4.0,4.0,4.0,4.0,4.0,4.0,4.0,0.0,0.0,0.0,11.0,11.0,12.0,12.0,16.0,16.0,16.0,16.0,16.0,13.0,13.0,13.0,13.0,23.0,23.0,23.0,23.0,0.0,0.0,0.0,0.0,0.0,0.0,0.0,0.0,0.0,0.0,0.0,0.0,0.0,0.0,0.0,0.0,0.0,0.0,38.0,38.0,38.0,38.0,38.0,38.0,38.0,38.0,38.0,38.0,0.0,0.0,0.0,0.0,0.0,0.0,0.0,0.0,0.0,0.0,0.0,0.0,0.0,0.0,0.0,0.0,0.0,0.0,0.0,0.0,39.0,39.0,24.0,24.0,24.0,24.0,24.0,24.0,24.0,24.0,24.0,24.0,24.0,40.0
33,48.0,0.0,0.0,37.0,37.0,37.0,37.0,37.0,37.0,37.0,37.0,37.0,0.0,0.0,0.0,0.0,0.0,0.0,0.0,0.0,0.0,0.0,0.0,0.0,0.0,0.0,0.0,0.0,0.0,0.0,0.0,0.0,0.0,0.0,0.0,0.0,0.0,0.0,0.0,0.0,0.0,0.0,0.0,0.0,0.0,16.0,16.0,16.0,0.0,0.0,0.0,0.0,0.0,23.0,23.0,23.0,23.0,23.0,0.0,0.0,0.0,0.0,0.0,0.0,0.0,0.0,0.0,0.0,0.0,0.0,0.0,0.0,0.0,0.0,0.0,38.0,38.0,38.0,38.0,38.0,38.0,38.0,38.0,38.0,38.0,0.0,0.0,0.0,0.0,0.0,0.0,0.0,0.0,0.0,0.0,0.0,0.0,0.0,0.0,0.0,0.0,0.0,0.0,0.0,0.0,39.0,39.0,24.0,24.0,24.0,24.0,24.0,24.0,24.0,24.0,24.0,24.0,40.0,40.0
34,48.0,0.0,0.0,37.0,37.0,37.0,37.0,37.0,37.0,37.0,37.0,37.0,0.0,0.0,0.0,0.0,0.0,0.0,0.0,0.0,0.0,0.0,0.0,0.0,0.0,0.0,0.0,0.0,0.0,0.0,0.0,0.0,0.0,0.0,0.0,0.0,0.0,0.0,0.0,0.0,0.0,0.0,0.0,0.0,0.0,0.0,0.0,0.0,0.0,0.0,0.0,0.0,0.0,0.0,23.0,23.0,69.0,69.0,69.0,0.0,0.0,0.0,0.0,0.0,0.0,0.0,0.0,0.0,0.0,0.0,0.0,0.0,0.0,0.0,0.0,38.0,38.0,38.0,38.0,38.0,38.0,38.0,38.0,38.0,38.0,0.0,0.0,0.0,0.0,0.0,0.0,0.0,0.0,0.0,0.0,0.0,0.0,0.0,0.0,0.0,0.0,0.0,0.0,0.0,0.0,39.0,39.0,24.0,24.0,24.0,24.0,24.0,24.0,24.0,24.0,24.0,24.0,40.0,40.0
35,48.0,0.0,0.0,37.0,37.0,37.0,37.0,37.0,37.0,37.0,37.0,0.0,0.0,0.0,0.0,0.0,0.0,0.0,0.0,0.0,0.0,0.0,0.0,0.0,0.0,0.0,0.0,0.0,0.0,0.0,0.0,0.0,0.0,0.0,0.0,0.0,0.0,0.0,0.0,0.0,0.0,0.0,0.0,0.0,0.0,0.0,0.0,0.0,0.0,0.0,0.0,0.0,0.0,69.0,69.0,69.0,69.0,69.0,69.0,69.0,0.0,0.0,0.0,0.0,70.0,70.0,70.0,70.0,0.0,0.0,0.0,0.0,0.0,0.0,0.0,38.0,38.0,38.0,38.0,38.0,38.0,38.0,38.0,38.0,38.0,0.0,0.0,0.0,0.0,0.0,0.0,0.0,0.0,0.0,0.0,0.0,0.0,0.0,0.0,0.0,0.0,0.0,0.0,0.0,0.0,0.0,0.0,0.0,24.0,24.0,24.0,24.0,24.0,24.0,24.0,24.0,24.0,61.0,61.0
36,0.0,0.0,0.0,37.0,37.0,37.0,37.0,37.0,37.0,37.0,37.0,0.0,0.0,0.0,0.0,0.0,0.0,0.0,0.0,0.0,0.0,0.0,0.0,0.0,0.0,0.0,0.0,0.0,0.0,0.0,0.0,0.0,0.0,0.0,0.0,0.0,0.0,0.0,0.0,0.0,0.0,0.0,0.0,0.0,0.0,0.0,0.0,0.0,0.0,0.0,0.0,69.0,69.0,69.0,69.0,69.0,69.0,69.0,69.0,69.0,0.0,0.0,0.0,70.0,70.0,70.0,70.0,70.0,70.0,0.0,0.0,0.0,0.0,0.0,0.0,38.0,38.0,38.0,38.0,38.0,38.0,38.0,38.0,38.0,38.0,0.0,0.0,0.0,0.0,0.0,0.0,0.0,0.0,0.0,0.0,0.0,0.0,0.0,0.0,0.0,0.0,0.0,0.0,0.0,0.0,0.0,0.0,0.0,0.0,24.0,24.0,24.0,24.0,24.0,24.0,24.0,0.0,61.0,61.0
37,0.0,0.0,0.0,0.0,37.0,37.0,37.0,37.0,37.0,37.0,37.0,0.0,0.0,0.0,0.0,0.0,0.0,0.0,0.0,0.0,0.0,0.0,0.0,0.0,0.0,0.0,0.0,0.0,0.0,0.0,0.0,0.0,0.0,0.0,0.0,0.0,0.0,0.0,0.0,0.0,0.0,0.0,0.0,0.0,0.0,0.0,0.0,0.0,0.0,0.0,0.0,69.0,69.0,69.0,69.0,69.0,69.0,69.0,69.0,69.0,69.0,0.0,0.0,70.0,70.0,70.0,70.0,70.0,70.0,70.0,0.0,0.0,0.0,0.0,0.0,0.0,38.0,38.0,38.0,38.0,38.0,38.0,38.0,38.0,38.0,0.0,0.0,0.0,0.0,0.0,0.0,0.0,0.0,0.0,0.0,0.0,0.0,0.0,0.0,0.0,0.0,0.0,0.0,0.0,0.0,0.0,0.0,0.0,0.0,24.0,24.0,24.0,24.0,24.0,0.0,0.0,0.0,61.0,61.0
38,0.0,0.0,0.0,0.0,37.0,37.0,37.0,37.0,37.0,37.0,0.0,0.0,0.0,0.0,0.0,0.0,0.0,0.0,0.0,0.0,0.0,0.0,0.0,0.0,0.0,0.0,0.0,0.0,0.0,0.0,0.0,0.0,0.0,0.0,0.0,0.0,0.0,0.0,0.0,0.0,0.0,0.0,0.0,0.0,0.0,0.0,0.0,0.0,0.0,0.0,0.0,69.0,69.0,69.0,69.0,69.0,69.0,69.0,69.0,69.0,69.0,0.0,70.0,70.0,70.0,70.0,70.0,70.0,70.0,70.0,70.0,0.0,0.0,0.0,0.0,0.0,0.0,0.0,0.0,0.0,38.0,38.0,38.0,79.0,79.0,79.0,79.0,79.0,0.0,0.0,0.0,0.0,0.0,0.0,0.0,0.0,0.0,0.0,0.0,0.0,0.0,0.0,0.0,0.0,0.0,0.0,0.0,85.0,85.0,85.0,85.0,85.0,0.0,0.0,0.0,0.0,0.0,0.0,61.0
39,0.0,0.0,0.0,0.0,0.0,0.0,0.0,0.0,0.0,0.0,0.0,0.0,0.0,0.0,0.0,0.0,0.0,0.0,0.0,0.0,0.0,0.0,0.0,0.0,0.0,0.0,0.0,0.0,0.0,0.0,0.0,0.0,0.0,0.0,0.0,0.0,0.0,0.0,0.0,0.0,0.0,0.0,0.0,0.0,0.0,0.0,0.0,0.0,0.0,0.0,0.0,69.0,69.0,69.0,69.0,69.0,69.0,69.0,69.0,69.0,69.0,0.0,70.0,70.0,70.0,70.0,70.0,70.0,70.0,70.0,70.0,0.0,0.0,0.0,0.0,0.0,0.0,0.0,0.0,0.0,0.0,79.0,79.0,79.0,79.0,79.0,79.0,79.0,0.0,0.0,0.0,0.0,0.0,0.0,0.0,0.0,88.0,88.0,88.0,88.0,88.0,0.0,0.0,0.0,0.0,0.0,85.0,85.0,85.0,85.0,85.0,85.0,0.0,0.0,0.0,0.0,0.0,0.0,61.0
40,0.0,0.0,0.0,0.0,0.0,0.0,0.0,0.0,0.0,0.0,0.0,0.0,0.0,0.0,0.0,0.0,0.0,0.0,0.0,0.0,0.0,0.0,0.0,0.0,0.0,0.0,0.0,0.0,0.0,0.0,0.0,0.0,0.0,0.0,0.0,0.0,0.0,0.0,0.0,0.0,0.0,0.0,0.0,0.0,0.0,0.0,0.0,0.0,0.0,0.0,0.0,69.0,69.0,69.0,69.0,69.0,69.0,69.0,69.0,69.0,69.0,0.0,70.0,70.0,70.0,70.0,70.0,70.0,70.0,70.0,70.0,0.0,0.0,0.0,0.0,0.0,0.0,0.0,0.0,0.0,0.0,79.0,79.0,79.0,79.0,79.0,79.0,79.0,79.0,0.0,0.0,0.0,0.0,0.0,0.0,0.0,88.0,88.0,88.0,88.0,88.0,0.0,0.0,0.0,0.0,0.0,85.0,85.0,85.0,85.0,85.0,85.0,0.0,0.0,0.0,0.0,0.0,0.0,0.0
41,0.0,0.0,0.0,0.0,0.0,0.0,0.0,0.0,0.0,0.0,0.0,0.0,0.0,0.0,0.0,0.0,97.0,97.0,97.0,97.0,97.0,97.0,0.0,0.0,0.0,0.0,0.0,98.0,98.0,98.0,98.0,0.0,0.0,0.0,0.0,0.0,0.0,0.0,0.0,0.0,94.0,94.0,94.0,0.0,0.0,0.0,0.0,0.0,0.0,0.0,0.0,69.0,69.0,69.0,69.0,69.0,69.0,69.0,69.0,69.0,69.0,0.0,70.0,70.0,70.0,70.0,70.0,70.0,70.0,70.0,0.0,0.0,0.0,0.0,0.0,0.0,0.0,0.0,0.0,0.0,79.0,79.0,79.0,79.0,79.0,79.0,79.0,79.0,79.0,0.0,0.0,0.0,0.0,0.0,0.0,88.0,88.0,88.0,88.0,88.0,88.0,88.0,0.0,0.0,0.0,85.0,85.0,85.0,85.0,85.0,85.0,85.0,85.0,0.0,0.0,0.0,0.0,0.0,0.0
42,0.0,0.0,0.0,0.0,0.0,0.0,0.0,0.0,0.0,0.0,0.0,0.0,0.0,0.0,0.0,0.0,97.0,97.0,97.0,97.0,97.0,97.0,0.0,0.0,0.0,0.0,98.0,98.0,98.0,98.0,98.0,0.0,0.0,0.0,0.0,0.0,0.0,94.0,94.0,94.0,94.0,94.0,94.0,94.0,0.0,0.0,0.0,0.0,0.0,0.0,0.0,0.0,69.0,69.0,69.0,69.0,69.0,69.0,69.0,69.0,0.0,0.0,0.0,70.0,70.0,70.0,70.0,70.0,70.0,70.0,0.0,0.0,0.0,0.0,0.0,0.0,0.0,0.0,0.0,0.0,79.0,79.0,79.0,79.0,79.0,79.0,79.0,79.0,79.0,0.0,0.0,0.0,0.0,0.0,0.0,88.0,88.0,88.0,88.0,88.0,88.0,88.0,0.0,0.0,0.0,85.0,85.0,85.0,85.0,85.0,85.0,85.0,85.0,0.0,0.0,0.0,0.0,0.0,0.0
43,0.0,0.0,0.0,0.0,0.0,104.0,104.0,104.0,104.0,104.0,0.0,0.0,0.0,0.0,0.0,97.0,97.0,97.0,97.0,97.0,97.0,97.0,97.0,0.0,0.0,98.0,98.0,98.0,98.0,98.0,98.0,98.0,0.0,0.0,0.0,0.0,0.0,94.0,94.0,94.0,94.0,94.0,94.0,94.0,94.0,0.0,0.0,0.0,0.0,0.0,0.0,0.0,0.0,69.0,69.0,69.0,69.0,69.0,69.0,0.0,0.0,0.0,0.0,0.0,70.0,70.0,70.0,70.0,70.0,0.0,0.0,0.0,0.0,0.0,0.0,0.0,0.0,0.0,0.0,0.0,79.0,79.0,79.0,79.0,79.0,79.0,79.0,79.0,79.0,0.0,0.0,0.0,0.0,0.0,0.0,88.0,88.0,88.0,88.0,88.0,88.0,88.0,0.0,0.0,0.0,85.0,85.0,85.0,85.0,85.0,85.0,85.0,85.0,0.0,0.0,0.0,0.0,0.0,0.0
44,0.0,0.0,0.0,0.0,0.0,104.0,104.0,104.0,104.0,104.0,104.0,0.0,0.0,0.0,0.0,97.0,97.0,97.0,97.0,97.0,97.0,97.0,97.0,97.0,98.0,98.0,98.0,98.0,98.0,98.0,98.0,98.0,0.0,0.0,0.0,0.0,0.0,94.0,94.0,94.0,94.0,94.0,94.0,94.0,94.0,0.0,0.0,0.0,0.0,0.0,0.0,0.0,0.0,0.0,0.0,0.0,0.0,0.0,0.0,0.0,0.0,0.0,0.0,0.0,99.0,99.0,70.0,70.0,0.0,0.0,0.0,0.0,0.0,0.0,0.0,0.0,0.0,0.0,0.0,0.0,79.0,79.0,79.0,79.0,79.0,79.0,79.0,79.0,79.0,0.0,0.0,0.0,0.0,0.0,0.0,88.0,88.0,88.0,88.0,88.0,88.0,88.0,0.0,0.0,0.0,85.0,85.0,85.0,85.0,85.0,85.0,85.0,85.0,0.0,0.0,0.0,0.0,0.0,0.0
45,0.0,0.0,0.0,0.0,104.0,104.0,104.0,104.0,104.0,104.0,104.0,104.0,0.0,0.0,0.0,97.0,97.0,97.0,97.0,97.0,97.0,97.0,97.0,97.0,98.0,98.0,98.0,98.0,98.0,98.0,98.0,98.0,0.0,0.0,0.0,0.0,0.0,94.0,94.0,94.0,94.0,94.0,94.0,94.0,94.0,0.0,0.0,0.0,0.0,0.0,0.0,0.0,0.0,0.0,0.0,0.0,0.0,0.0,0.0,0.0,0.0,0.0,0.0,0.0,99.0,99.0,99.0,0.0,0.0,0.0,0.0,0.0,0.0,0.0,0.0,0.0,0.0,0.0,0.0,0.0,79.0,79.0,79.0,79.0,79.0,79.0,79.0,79.0,0.0,0.0,0.0,0.0,0.0,0.0,105.0,105.0,88.0,88.0,88.0,88.0,88.0,88.0,0.0,0.0,0.0,0.0,85.0,85.0,85.0,85.0,85.0,85.0,85.0,0.0,0.0,0.0,0.0,0.0,0.0
46,0.0,0.0,0.0,0.0,104.0,104.0,104.0,104.0,104.0,104.0,104.0,104.0,0.0,0.0,0.0,97.0,97.0,97.0,97.0,97.0,97.0,97.0,97.0,97.0,98.0,98.0,98.0,98.0,98.0,98.0,98.0,98.0,0.0,0.0,0.0,0.0,0.0,94.0,94.0,94.0,94.0,94.0,94.0,94.0,94.0,0.0,0.0,0.0,0.0,0.0,0.0,0.0,0.0,0.0,0.0,0.0,0.0,0.0,0.0,0.0,0.0,0.0,0.0,118.0,118.0,99.0,99.0,0.0,0.0,0.0,0.0,0.0,0.0,0.0,0.0,0.0,0.0,0.0,0.0,0.0,0.0,0.0,0.0,0.0,0.0,0.0,0.0,0.0,0.0,0.0,119.0,119.0,119.0,119.0,105.0,105.0,105.0,88.0,88.0,88.0,88.0,0.0,0.0,0.0,0.0,0.0,85.0,85.0,85.0,85.0,85.0,0.0,0.0,0.0,0.0,0.0,0.0,0.0,0.0
47,0.0,0.0,0.0,0.0,104.0,104.0,104.0,104.0,104.0,104.0,104.0,104.0,0.0,0.0,0.0,0.0,97.0,97.0,97.0,97.0,97.0,97.0,97.0,0.0,0.0,98.0,98.0,98.0,98.0,98.0,98.0,98.0,0.0,0.0,0.0,0.0,0.0,94.0,94.0,94.0,94.0,94.0,94.0,94.0,0.0,0.0,0.0,0.0,0.0,0.0,0.0,0.0,0.0,0.0,0.0,0.0,0.0,0.0,0.0,0.0,0.0,118.0,118.0,118.0,118.0,118.0,118.0,0.0,0.0,0.0,0.0,0.0,0.0,0.0,0.0,128.0,128.0,128.0,128.0,128.0,128.0,0.0,0.0,0.0,0.0,0.0,0.0,0.0,0.0,119.0,119.0,119.0,119.0,119.0,105.0,105.0,105.0,88.0,88.0,88.0,88.0,0.0,0.0,0.0,0.0,0.0,133.0,133.0,85.0,85.0,0.0,0.0,0.0,0.0,0.0,0.0,134.0,134.0,134.0
48,0.0,0.0,0.0,0.0,104.0,104.0,104.0,104.0,104.0,104.0,104.0,104.0,0.0,0.0,0.0,0.0,97.0,97.0,97.0,97.0,97.0,97.0,0.0,0.0,0.0,0.0,98.0,98.0,98.0,98.0,98.0,98.0,0.0,0.0,0.0,0.0,0.0,0.0,0.0,94.0,94.0,94.0,94.0,94.0,0.0,0.0,0.0,0.0,0.0,0.0,0.0,0.0,0.0,0.0,0.0,0.0,0.0,0.0,0.0,0.0,0.0,118.0,118.0,118.0,118.0,118.0,118.0,118.0,0.0,0.0,0.0,0.0,0.0,0.0,128.0,128.0,128.0,128.0,128.0,128.0,128.0,128.0,0.0,0.0,0.0,0.0,0.0,0.0,119.0,119.0,119.0,119.0,119.0,119.0,119.0,105.0,105.0,0.0,0.0,0.0,0.0,0.0,0.0,0.0,0.0,133.0,133.0,133.0,133.0,133.0,0.0,0.0,0.0,0.0,0.0,134.0,134.0,134.0,134.0
49,0.0,0.0,0.0,0.0,0.0,104.0,104.0,104.0,104.0,104.0,104.0,0.0,0.0,0.0,0.0,0.0,0.0,0.0,0.0,0.0,0.0,0.0,0.0,0.0,0.0,0.0,98.0,98.0,98.0,98.0,98.0,98.0,0.0,0.0,0.0,0.0,0.0,0.0,0.0,0.0,0.0,0.0,0.0,0.0,0.0,0.0,0.0,138.0,138.0,138.0,138.0,138.0,0.0,0.0,0.0,0.0,0.0,0.0,0.0,0.0,0.0,118.0,118.0,118.0,118.0,118.0,118.0,118.0,0.0,0.0,0.0,0.0,0.0,0.0,128.0,128.0,128.0,128.0,128.0,128.0,128.0,128.0,0.0,0.0,0.0,0.0,0.0,0.0,119.0,119.0,119.0,119.0,119.0,119.0,119.0,119.0,0.0,0.0,0.0,0.0,0.0,0.0,0.0,133.0,133.0,133.0,133.0,133.0,133.0,133.0,0.0,0.0,0.0,0.0,134.0,134.0,134.0,134.0,134.0
50,137.0,0.0,0.0,0.0,0.0,0.0,104.0,104.0,104.0,104.0,0.0,0.0,0.0,0.0,0.0,0.0,0.0,0.0,0.0,0.0,0.0,0.0,0.0,0.0,0.0,0.0,0.0,0.0,0.0,0.0,0.0,142.0,142.0,142.0,142.0,0.0,0.0,0.0,0.0,0.0,0.0,0.0,0.0,0.0,0.0,0.0,0.0,138.0,138.0,138.0,138.0,138.0,138.0,0.0,0.0,0.0,0.0,0.0,0.0,0.0,0.0,118.0,118.0,118.0,118.0,118.0,118.0,118.0,0.0,0.0,0.0,0.0,0.0,0.0,128.0,128.0,128.0,128.0,128.0,128.0,128.0,128.0,0.0,0.0,0.0,0.0,0.0,0.0,119.0,119.0,119.0,119.0,119.0,119.0,119.0,119.0,0.0,0.0,0.0,0.0,0.0,0.0,0.0,133.0,133.0,133.0,133.0,133.0,133.0,133.0,0.0,0.0,0.0,0.0,134.0,134.0,134.0,134.0,134.0
51,137.0,0.0,0.0,0.0,0.0,0.0,0.0,104.0,104.0,104.0,0.0,0.0,0.0,0.0,0.0,0.0,0.0,0.0,0.0,0.0,0.0,0.0,0.0,0.0,0.0,0.0,0.0,0.0,0.0,0.0,0.0,142.0,142.0,142.0,142.0,142.0,142.0,0.0,0.0,0.0,0.0,0.0,0.0,0.0,0.0,0.0,138.0,138.0,138.0,138.0,138.0,138.0,138.0,0.0,0.0,0.0,0.0,0.0,0.0,0.0,0.0,0.0,118.0,118.0,118.0,118.0,118.0,118.0,0.0,0.0,0.0,0.0,0.0,0.0,128.0,128.0,128.0,128.0,128.0,128.0,128.0,0.0,0.0,0.0,0.0,0.0,0.0,0.0,119.0,119.0,119.0,119.0,119.0,119.0,119.0,119.0,0.0,0.0,0.0,0.0,0.0,0.0,0.0,133.0,133.0,133.0,133.0,133.0,133.0,133.0,0.0,0.0,0.0,0.0,134.0,134.0,134.0,134.0,134.0
52,137.0,0.0,0.0,0.0,0.0,0.0,0.0,0.0,0.0,0.0,0.0,0.0,0.0,0.0,0.0,0.0,0.0,0.0,0.0,0.0,0.0,0.0,0.0,0.0,0.0,0.0,0.0,0.0,0.0,0.0,142.0,142.0,142.0,142.0,142.0,142.0,142.0,142.0,0.0,0.0,0.0,0.0,0.0,0.0,0.0,0.0,138.0,138.0,138.0,138.0,138.0,138.0,138.0,0.0,0.0,0.0,0.0,0.0,0.0,0.0,0.0,0.0,118.0,118.0,118.0,118.0,118.0,118.0,0.0,0.0,0.0,0.0,0.0,0.0,128.0,128.0,128.0,128.0,128.0,128.0,128.0,0.0,0.0,0.0,0.0,0.0,0.0,0.0,119.0,119.0,119.0,119.0,119.0,119.0,119.0,119.0,0.0,0.0,0.0,0.0,0.0,0.0,0.0,133.0,133.0,133.0,133.0,133.0,133.0,133.0,0.0,0.0,0.0,0.0,134.0,134.0,134.0,134.0,134.0
53,137.0,0.0,0.0,0.0,0.0,0.0,0.0,0.0,0.0,0.0,0.0,0.0,0.0,0.0,0.0,0.0,0.0,0.0,0.0,0.0,0.0,0.0,0.0,0.0,0.0,0.0,0.0,0.0,0.0,0.0,142.0,142.0,142.0,142.0,142.0,142.0,142.0,142.0,0.0,0.0,0.0,0.0,0.0,0.0,0.0,0.0,138.0,138.0,138.0,138.0,138.0,138.0,138.0,0.0,0.0,0.0,0.0,0.0,0.0,0.0,0.0,0.0,118.0,118.0,118.0,0.0,0.0,0.0,0.0,0.0,0.0,0.0,0.0,0.0,0.0,0.0,128.0,128.0,128.0,128.0,0.0,0.0,0.0,0.0,0.0,0.0,0.0,0.0,0.0,119.0,119.0,119.0,119.0,119.0,119.0,0.0,0.0,0.0,0.0,0.0,0.0,0.0,0.0,0.0,133.0,133.0,133.0,133.0,133.0,133.0,0.0,0.0,0.0,0.0,0.0,134.0,134.0,134.0,134.0
54,137.0,0.0,0.0,0.0,0.0,0.0,0.0,0.0,0.0,0.0,0.0,0.0,0.0,0.0,0.0,0.0,0.0,0.0,0.0,0.0,0.0,0.0,0.0,0.0,0.0,0.0,0.0,0.0,0.0,0.0,142.0,142.0,142.0,142.0,142.0,142.0,142.0,142.0,0.0,0.0,0.0,0.0,0.0,0.0,0.0,0.0,138.0,138.0,138.0,138.0,138.0,138.0,138.0,0.0,0.0,0.0,0.0,0.0,0.0,0.0,0.0,0.0,0.0,0.0,0.0,0.0,0.0,0.0,0.0,0.0,0.0,0.0,0.0,0.0,0.0,0.0,0.0,0.0,0.0,0.0,0.0,0.0,0.0,0.0,0.0,0.0,0.0,0.0,0.0,0.0,0.0,0.0,0.0,0.0,0.0,0.0,0.0,0.0,0.0,0.0,0.0,0.0,0.0,0.0,0.0,133.0,133.0,133.0,133.0,0.0,0.0,0.0,0.0,0.0,0.0,0.0,134.0,134.0,134.0
55,172.0,172.0,0.0,0.0,0.0,0.0,0.0,0.0,0.0,0.0,0.0,0.0,0.0,0.0,0.0,0.0,0.0,0.0,0.0,0.0,0.0,0.0,0.0,0.0,0.0,0.0,0.0,0.0,0.0,0.0,142.0,142.0,142.0,142.0,142.0,142.0,142.0,142.0,0.0,0.0,0.0,0.0,0.0,0.0,0.0,0.0,138.0,138.0,138.0,138.0,138.0,138.0,0.0,0.0,0.0,0.0,0.0,0.0,167.0,167.0,167.0,0.0,0.0,0.0,0.0,0.0,0.0,0.0,161.0,161.0,161.0,161.0,161.0,161.0,161.0,0.0,0.0,0.0,0.0,0.0,0.0,0.0,0.0,0.0,0.0,0.0,0.0,0.0,173.0,173.0,173.0,173.0,0.0,0.0,0.0,0.0,0.0,0.0,0.0,0.0,0.0,0.0,0.0,0.0,0.0,149.0,149.0,149.0,0.0,0.0,0.0,0.0,0.0,0.0,0.0,0.0,0.0,0.0,134.0
56,172.0,172.0,172.0,172.0,172.0,0.0,0.0,0.0,0.0,0.0,0.0,0.0,0.0,0.0,0.0,0.0,0.0,0.0,0.0,0.0,0.0,0.0,0.0,0.0,0.0,0.0,0.0,0.0,0.0,0.0,142.0,142.0,142.0,142.0,142.0,142.0,142.0,0.0,0.0,0.0,0.0,0.0,0.0,0.0,0.0,0.0,0.0,138.0,138.0,138.0,138.0,0.0,0.0,0.0,0.0,0.0,0.0,167.0,167.0,167.0,167.0,167.0,0.0,0.0,0.0,0.0,0.0,161.0,161.0,161.0,161.0,161.0,161.0,161.0,161.0,0.0,0.0,0.0,0.0,0.0,0.0,0.0,0.0,0.0,0.0,0.0,173.0,173.0,173.0,173.0,173.0,173.0,0.0,0.0,0.0,0.0,0.0,0.0,0.0,0.0,0.0,0.0,0.0,0.0,174.0,174.0,149.0,149.0,0.0,0.0,0.0,0.0,0.0,0.0,0.0,0.0,0.0,0.0,0.0
57,172.0,172.0,172.0,172.0,172.0,172.0,0.0,0.0,0.0,0.0,0.0,0.0,0.0,0.0,0.0,0.0,0.0,0.0,0.0,0.0,0.0,0.0,0.0,0.0,0.0,0.0,0.0,0.0,0.0,0.0,0.0,0.0,142.0,142.0,142.0,142.0,142.0,0.0,0.0,0.0,0.0,0.0,0.0,0.0,0.0,0.0,0.0,0.0,0.0,0.0,0.0,0.0,0.0,0.0,0.0,0.0,167.0,167.0,167.0,167.0,167.0,167.0,167.0,0.0,0.0,0.0,0.0,161.0,161.0,161.0,161.0,161.0,161.0,161.0,161.0,0.0,0.0,0.0,0.0,0.0,0.0,0.0,0.0,0.0,0.0,173.0,173.0,173.0,173.0,173.0,173.0,173.0,173.0,0.0,0.0,0.0,0.0,0.0,0.0,0.0,0.0,0.0,0.0,174.0,174.0,174.0,174.0,174.0,0.0,0.0,0.0,0.0,0.0,0.0,0.0,0.0,0.0,0.0,0.0
58,172.0,172.0,172.0,172.0,172.0,172.0,172.0,0.0,0.0,0.0,0.0,0.0,0.0,0.0,0.0,0.0,0.0,0.0,0.0,0.0,0.0,0.0,0.0,0.0,0.0,0.0,0.0,0.0,0.0,0.0,0.0,0.0,142.0,142.0,184.0,184.0,0.0,0.0,0.0,0.0,0.0,0.0,0.0,0.0,0.0,0.0,0.0,0.0,185.0,185.0,185.0,0.0,0.0,0.0,0.0,0.0,167.0,167.0,167.0,167.0,167.0,167.0,167.0,0.0,0.0,0.0,0.0,161.0,161.0,161.0,161.0,161.0,161.0,161.0,0.0,0.0,0.0,0.0,0.0,0.0,0.0,0.0,0.0,0.0,0.0,173.0,173.0,173.0,173.0,173.0,173.0,173.0,173.0,0.0,0.0,0.0,0.0,0.0,0.0,0.0,0.0,0.0,174.0,174.0,174.0,174.0,174.0,174.0,174.0,0.0,0.0,0.0,0.0,0.0,0.0,0.0,0.0,0.0,0.0
59,172.0,172.0,172.0,172.0,172.0,172.0,172.0,0.0,0.0,0.0,0.0,0.0,0.0,0.0,0.0,0.0,0.0,0.0,0.0,0.0,0.0,0.0,0.0,0.0,0.0,0.0,0.0,0.0,0.0,0.0,0.0,0.0,184.0,184.0,184.0,184.0,184.0,0.0,0.0,0.0,0.0,0.0,0.0,0.0,0.0,0.0,0.0,0.0,185.0,185.0,185.0,185.0,0.0,0.0,0.0,0.0,167.0,167.0,167.0,167.0,167.0,167.0,167.0,0.0,0.0,0.0,0.0,0.0,161.0,161.0,161.0,161.0,161.0,0.0,0.0,0.0,0.0,0.0,0.0,0.0,0.0,0.0,0.0,0.0,0.0,173.0,173.0,173.0,173.0,173.0,173.0,173.0,173.0,0.0,0.0,0.0,0.0,0.0,0.0,0.0,0.0,0.0,174.0,174.0,174.0,174.0,174.0,174.0,174.0,0.0,0.0,0.0,0.0,0.0,0.0,0.0,0.0,0.0,0.0
60,172.0,172.0,172.0,172.0,172.0,172.0,172.0,0.0,0.0,0.0,191.0,191.0,191.0,191.0,191.0,0.0,0.0,0.0,0.0,0.0,0.0,0.0,0.0,0.0,0.0,0.0,0.0,0.0,0.0,0.0,0.0,184.0,184.0,184.0,184.0,184.0,184.0,184.0,0.0,0.0,0.0,0.0,0.0,0.0,0.0,0.0,0.0,185.0,185.0,185.0,185.0,185.0,185.0,0.0,0.0,0.0,167.0,167.0,167.0,167.0,167.0,167.0,167.0,0.0,0.0,0.0,0.0,0.0,0.0,161.0,161.0,161.0,161.0,0.0,0.0,0.0,0.0,0.0,192.0,192.0,192.0,0.0,0.0,0.0,0.0,173.0,173.0,173.0,173.0,173.0,173.0,173.0,173.0,0.0,0.0,0.0,0.0,0.0,0.0,0.0,0.0,0.0,174.0,174.0,174.0,174.0,174.0,174.0,174.0,0.0,0.0,0.0,0.0,0.0,0.0,0.0,0.0,0.0,0.0
61,172.0,172.0,172.0,172.0,172.0,172.0,172.0,0.0,191.0,191.0,191.0,191.0,191.0,191.0,191.0,0.0,0.0,0.0,0.0,0.0,0.0,0.0,0.0,0.0,0.0,0.0,0.0,0.0,0.0,0.0,0.0,184.0,184.0,184.0,184.0,184.0,184.0,184.0,0.0,0.0,0.0,0.0,0.0,0.0,0.0,0.0,0.0,185.0,185.0,185.0,185.0,185.0,185.0,185.0,0.0,0.0,167.0,167.0,167.0,167.0,167.0,167.0,167.0,0.0,0.0,0.0,0.0,0.0,0.0,0.0,0.0,0.0,0.0,0.0,0.0,192.0,192.0,192.0,192.0,192.0,192.0,0.0,0.0,0.0,0.0,173.0,173.0,173.0,173.0,173.0,173.0,173.0,173.0,0.0,0.0,0.0,0.0,0.0,0.0,0.0,0.0,0.0,174.0,174.0,174.0,174.0,174.0,174.0,174.0,0.0,0.0,0.0,0.0,0.0,194.0,194.0,194.0,194.0,194.0
62,0.0,172.0,172.0,172.0,172.0,0.0,0.0,0.0,191.0,191.0,191.0,191.0,191.0,191.0,191.0,191.0,0.0,0.0,0.0,0.0,0.0,0.0,0.0,0.0,0.0,0.0,0.0,0.0,0.0,0.0,0.0,184.0,184.0,184.0,184.0,184.0,184.0,184.0,184.0,0.0,0.0,0.0,0.0,0.0,0.0,0.0,0.0,185.0,185.0,185.0,185.0,185.0,185.0,185.0,0.0,0.0,0.0,0.0,0.0,0.0,0.0,0.0,0.0,0.0,0.0,0.0,0.0,0.0,0.0,0.0,0.0,0.0,0.0,0.0,0.0,192.0,192.0,192.0,192.0,192.0,192.0,192.0,0.0,0.0,0.0,173.0,173.0,173.0,173.0,173.0,173.0,173.0,0.0,0.0,0.0,0.0,0.0,0.0,0.0,0.0,0.0,0.0,174.0,174.0,174.0,174.0,174.0,174.0,174.0,0.0,0.0,0.0,0.0,194.0,194.0,194.0,194.0,194.0,194.0
63,0.0,0.0,0.0,0.0,0.0,0.0,0.0,0.0,191.0,191.0,191.0,191.0,191.0,191.0,191.0,191.0,0.0,0.0,0.0,0.0,0.0,0.0,0.0,0.0,0.0,0.0,0.0,0.0,0.0,0.0,0.0,184.0,184.0,184.0,184.0,184.0,184.0,184.0,184.0,0.0,0.0,0.0,0.0,0.0,0.0,0.0,0.0,185.0,185.0,185.0,185.0,185.0,185.0,185.0,0.0,0.0,0.0,0.0,0.0,0.0,0.0,0.0,0.0,0.0,0.0,0.0,0.0,0.0,0.0,0.0,0.0,0.0,0.0,0.0,0.0,192.0,192.0,192.0,192.0,192.0,192.0,192.0,192.0,0.0,0.0,0.0,173.0,173.0,173.0,173.0,173.0,173.0,0.0,0.0,0.0,0.0,0.0,0.0,0.0,0.0,0.0,0.0,193.0,193.0,174.0,174.0,174.0,0.0,0.0,0.0,0.0,0.0,194.0,194.0,194.0,194.0,194.0,194.0,194.0
64,0.0,0.0,0.0,0.0,0.0,0.0,0.0,191.0,191.0,191.0,191.0,191.0,191.0,191.0,191.0,191.0,0.0,0.0,0.0,0.0,0.0,0.0,0.0,0.0,0.0,0.0,0.0,0.0,0.0,0.0,0.0,184.0,184.0,184.0,184.0,184.0,184.0,184.0,184.0,0.0,0.0,0.0,0.0,0.0,0.0,0.0,0.0,185.0,185.0,185.0,185.0,185.0,185.0,185.0,0.0,0.0,0.0,0.0,0.0,0.0,0.0,0.0,0.0,0.0,0.0,0.0,0.0,0.0,0.0,0.0,0.0,0.0,0.0,0.0,0.0,192.0,192.0,192.0,192.0,192.0,192.0,192.0,192.0,0.0,0.0,0.0,0.0,0.0,0.0,0.0,0.0,0.0,0.0,0.0,0.0,0.0,0.0,0.0,0.0,0.0,216.0,216.0,193.0,193.0,193.0,193.0,0.0,0.0,0.0,0.0,0.0,0.0,194.0,194.0,194.0,194.0,194.0,194.0,194.0
65,0.0,0.0,0.0,0.0,0.0,0.0,0.0,191.0,191.0,191.0,191.0,191.0,191.0,191.0,191.0,191.0,0.0,0.0,0.0,0.0,0.0,0.0,0.0,0.0,0.0,0.0,0.0,0.0,0.0,0.0,0.0,0.0,184.0,184.0,184.0,184.0,184.0,184.0,184.0,206.0,206.0,206.0,206.0,206.0,0.0,0.0,0.0,0.0,185.0,185.0,185.0,185.0,185.0,185.0,0.0,0.0,0.0,0.0,0.0,0.0,0.0,0.0,0.0,0.0,215.0,215.0,215.0,215.0,215.0,0.0,0.0,0.0,0.0,0.0,0.0,192.0,192.0,192.0,192.0,192.0,192.0,192.0,192.0,0.0,0.0,0.0,0.0,0.0,0.0,0.0,0.0,0.0,0.0,0.0,0.0,0.0,0.0,216.0,216.0,216.0,216.0,216.0,216.0,193.0,193.0,0.0,0.0,0.0,0.0,0.0,0.0,0.0,194.0,194.0,194.0,194.0,194.0,194.0,194.0
66,0.0,0.0,0.0,0.0,0.0,0.0,0.0,191.0,191.0,191.0,191.0,191.0,191.0,191.0,191.0,191.0,0.0,0.0,0.0,0.0,0.0,0.0,0.0,0.0,0.0,0.0,0.0,0.0,0.0,0.0,0.0,0.0,184.0,184.0,184.0,0.0,0.0,0.0,0.0,206.0,206.0,206.0,206.0,206.0,206.0,0.0,0.0,0.0,0.0,185.0,185.0,185.0,185.0,0.0,0.0,0.0,0.0,0.0,0.0,0.0,0.0,0.0,0.0,215.0,215.0,215.0,215.0,215.0,215.0,215.0,0.0,0.0,0.0,0.0,0.0,0.0,192.0,192.0,192.0,192.0,192.0,192.0,0.0,0.0,0.0,0.0,0.0,0.0,0.0,0.0,0.0,0.0,0.0,0.0,0.0,0.0,216.0,216.0,216.0,216.0,216.0,216.0,216.0,216.0,0.0,0.0,0.0,0.0,0.0,0.0,0.0,0.0,194.0,194.0,194.0,194.0,194.0,194.0,194.0
67,0.0,0.0,0.0,0.0,0.0,0.0,0.0,0.0,191.0,191.0,191.0,191.0,191.0,191.0,191.0,0.0,0.0,0.0,0.0,0.0,0.0,0.0,0.0,0.0,0.0,0.0,0.0,0.0,0.0,0.0,0.0,0.0,0.0,0.0,0.0,0.0,0.0,0.0,0.0,206.0,206.0,206.0,206.0,206.0,206.0,0.0,0.0,0.0,0.0,0.0,0.0,0.0,0.0,0.0,0.0,0.0,0.0,0.0,0.0,0.0,0.0,0.0,0.0,215.0,215.0,215.0,215.0,215.0,215.0,215.0,215.0,0.0,0.0,0.0,0.0,0.0,0.0,192.0,192.0,192.0,192.0,192.0,0.0,0.0,0.0,0.0,0.0,0.0,0.0,0.0,0.0,0.0,0.0,0.0,0.0,0.0,216.0,216.0,216.0,216.0,216.0,216.0,216.0,216.0,0.0,0.0,0.0,0.0,0.0,0.0,0.0,0.0,0.0,194.0,194.0,194.0,194.0,194.0,194.0
68,226.0,226.0,0.0,0.0,0.0,0.0,0.0,0.0,0.0,0.0,0.0,0.0,0.0,0.0,0.0,0.0,0.0,0.0,0.0,0.0,0.0,0.0,0.0,0.0,0.0,0.0,0.0,0.0,0.0,0.0,227.0,227.0,227.0,227.0,0.0,0.0,0.0,0.0,0.0,206.0,206.0,206.0,206.0,206.0,206.0,0.0,0.0,0.0,0.0,0.0,0.0,0.0,0.0,0.0,0.0,0.0,0.0,0.0,0.0,0.0,0.0,0.0,0.0,215.0,215.0,215.0,215.0,215.0,215.0,215.0,215.0,0.0,0.0,0.0,0.0,0.0,0.0,0.0,0.0,0.0,0.0,0.0,0.0,0.0,0.0,0.0,0.0,0.0,0.0,0.0,0.0,0.0,0.0,0.0,0.0,0.0,216.0,216.0,216.0,216.0,216.0,216.0,216.0,216.0,0.0,0.0,0.0,0.0,0.0,0.0,0.0,0.0,0.0,0.0,194.0,194.0,194.0,0.0,0.0
69,226.0,226.0,0.0,0.0,0.0,0.0,0.0,0.0,0.0,0.0,0.0,0.0,0.0,0.0,0.0,0.0,0.0,0.0,0.0,0.0,234.0,234.0,234.0,0.0,0.0,0.0,0.0,0.0,0.0,227.0,227.0,227.0,227.0,227.0,227.0,0.0,0.0,0.0,0.0,206.0,206.0,206.0,206.0,206.0,206.0,0.0,0.0,0.0,0.0,0.0,0.0,0.0,0.0,0.0,0.0,0.0,0.0,0.0,0.0,0.0,0.0,0.0,0.0,215.0,215.0,215.0,215.0,215.0,215.0,215.0,215.0,0.0,0.0,0.0,0.0,0.0,0.0,0.0,0.0,0.0,0.0,0.0,0.0,0.0,0.0,0.0,0.0,0.0,0.0,0.0,0.0,0.0,0.0,0.0,0.0,0.0,216.0,216.0,216.0,216.0,216.0,216.0,216.0,216.0,0.0,0.0,0.0,0.0,0.0,0.0,0.0,0.0,0.0,0.0,0.0,0.0,0.0,0.0,0.0
70,226.0,226.0,226.0,0.0,0.0,0.0,0.0,0.0,0.0,0.0,0.0,0.0,0.0,0.0,0.0,0.0,0.0,0.0,234.0,234.0,234.0,234.0,234.0,234.0,234.0,0.0,0.0,0.0,227.0,227.0,227.0,227.0,227.0,227.0,227.0,0.0,0.0,0.0,0.0,0.0,206.0,206.0,206.0,206.0,206.0,0.0,0.0,0.0,0.0,0.0,0.0,0.0,0.0,0.0,0.0,0.0,0.0,0.0,0.0,0.0,0.0,0.0,0.0,215.0,215.0,215.0,215.0,215.0,215.0,215.0,215.0,0.0,0.0,0.0,0.0,0.0,0.0,0.0,0.0,0.0,0.0,0.0,0.0,0.0,0.0,0.0,0.0,0.0,0.0,0.0,0.0,0.0,0.0,0.0,0.0,0.0,216.0,216.0,216.0,216.0,216.0,216.0,216.0,216.0,0.0,0.0,0.0,0.0,0.0,0.0,0.0,0.0,0.0,0.0,0.0,0.0,0.0,0.0,0.0
71,226.0,226.0,226.0,0.0,0.0,0.0,0.0,0.0,0.0,0.0,0.0,0.0,0.0,0.0,0.0,0.0,0.0,0.0,234.0,234.0,234.0,234.0,234.0,234.0,234.0,234.0,0.0,0.0,227.0,227.0,227.0,227.0,227.0,227.0,227.0,0.0,0.0,0.0,0.0,0.0,0.0,0.0,0.0,0.0,0.0,0.0,0.0,0.0,0.0,0.0,0.0,0.0,0.0,0.0,0.0,0.0,0.0,0.0,0.0,0.0,0.0,0.0,0.0,215.0,215.0,215.0,215.0,215.0,215.0,215.0,215.0,0.0,0.0,0.0,237.0,237.0,237.0,237.0,0.0,0.0,0.0,0.0,0.0,0.0,0.0,0.0,0.0,0.0,0.0,0.0,0.0,0.0,0.0,0.0,0.0,0.0,216.0,216.0,216.0,216.0,216.0,216.0,216.0,0.0,0.0,0.0,0.0,0.0,0.0,0.0,0.0,0.0,0.0,0.0,0.0,0.0,0.0,0.0,0.0
72,226.0,226.0,226.0,0.0,0.0,0.0,0.0,0.0,0.0,0.0,0.0,0.0,0.0,0.0,0.0,0.0,0.0,0.0,234.0,234.0,234.0,234.0,234.0,234.0,234.0,234.0,234.0,0.0,227.0,227.0,227.0,227.0,227.0,227.0,227.0,0.0,0.0,0.0,0.0,0.0,0.0,0.0,0.0,0.0,0.0,0.0,0.0,0.0,0.0,0.0,0.0,0.0,0.0,0.0,0.0,0.0,0.0,0.0,0.0,0.0,0.0,0.0,0.0,215.0,215.0,215.0,215.0,215.0,0.0,0.0,237.0,237.0,237.0,237.0,237.0,237.0,237.0,237.0,0.0,0.0,0.0,0.0,0.0,0.0,0.0,0.0,0.0,0.0,0.0,0.0,0.0,0.0,0.0,0.0,0.0,245.0,245.0,216.0,216.0,216.0,216.0,216.0,0.0,0.0,0.0,0.0,0.0,0.0,0.0,0.0,0.0,0.0,0.0,0.0,0.0,0.0,0.0,0.0,0.0
73,226.0,226.0,226.0,0.0,0.0,0.0,0.0,0.0,0.0,0.0,0.0,0.0,0.0,0.0,0.0,0.0,0.0,0.0,234.0,234.0,234.0,234.0,234.0,234.0,234.0,234.0,234.0,0.0,227.0,227.0,227.0,227.0,227.0,227.0,227.0,0.0,0.0,0.0,0.0,0.0,0.0,0.0,0.0,0.0,0.0,0.0,0.0,0.0,0.0,0.0,0.0,0.0,0.0,0.0,0.0,0.0,0.0,0.0,0.0,0.0,0.0,0.0,0.0,0.0,0.0,0.0,0.0,0.0,0.0,0.0,237.0,237.0,237.0,237.0,237.0,237.0,237.0,237.0,237.0,0.0,0.0,0.0,0.0,0.0,0.0,0.0,0.0,0.0,0.0,0.0,0.0,0.0,0.0,245.0,245.0,245.0,245.0,245.0,216.0,216.0,0.0,0.0,0.0,0.0,0.0,0.0,0.0,0.0,0.0,0.0,0.0,0.0,0.0,0.0,0.0,0.0,0.0,0.0,0.0
74,226.0,226.0,226.0,0.0,0.0,0.0,0.0,0.0,0.0,0.0,0.0,0.0,0.0,0.0,0.0,0.0,0.0,0.0,0.0,234.0,234.0,234.0,234.0,234.0,234.0,234.0,234.0,0.0,0.0,0.0,227.0,227.0,227.0,227.0,227.0,0.0,0.0,0.0,0.0,0.0,0.0,0.0,0.0,0.0,0.0,0.0,0.0,0.0,0.0,0.0,0.0,0.0,0.0,0.0,0.0,0.0,0.0,0.0,0.0,0.0,0.0,0.0,0.0,0.0,0.0,0.0,0.0,0.0,0.0,0.0,237.0,237.0,237.0,237.0,237.0,237.0,237.0,237.0,237.0,0.0,0.0,0.0,0.0,0.0,0.0,0.0,0.0,0.0,0.0,0.0,0.0,0.0,245.0,245.0,245.0,245.0,245.0,245.0,245.0,0.0,0.0,0.0,0.0,0.0,0.0,0.0,0.0,0.0,0.0,0.0,0.0,0.0,0.0,0.0,0.0,0.0,0.0,0.0,0.0
75,226.0,226.0,0.0,0.0,256.0,256.0,256.0,256.0,0.0,0.0,0.0,0.0,0.0,0.0,0.0,0.0,0.0,0.0,0.0,234.0,234.0,234.0,234.0,234.0,234.0,234.0,0.0,0.0,0.0,0.0,227.0,227.0,227.0,227.0,0.0,0.0,0.0,0.0,0.0,0.0,0.0,0.0,0.0,0.0,0.0,0.0,0.0,0.0,0.0,0.0,0.0,0.0,0.0,0.0,0.0,0.0,0.0,0.0,0.0,0.0,0.0,0.0,0.0,0.0,0.0,0.0,0.0,0.0,0.0,0.0,0.0,237.0,237.0,237.0,237.0,237.0,237.0,237.0,237.0,0.0,0.0,0.0,0.0,0.0,0.0,0.0,0.0,0.0,0.0,0.0,0.0,0.0,245.0,245.0,245.0,245.0,245.0,245.0,245.0,0.0,0.0,0.0,0.0,0.0,0.0,0.0,0.0,0.0,0.0,0.0,0.0,0.0,0.0,0.0,0.0,0.0,0.0,0.0,0.0
76,0.0,0.0,0.0,0.0,256.0,256.0,256.0,256.0,256.0,0.0,0.0,0.0,0.0,0.0,0.0,0.0,0.0,0.0,0.0,0.0,234.0,234.0,234.0,234.0,234.0,234.0,0.0,0.0,0.0,0.0,266.0,266.0,266.0,266.0,0.0,0.0,0.0,0.0,0.0,0.0,0.0,0.0,0.0,0.0,0.0,0.0,0.0,0.0,0.0,0.0,0.0,0.0,0.0,0.0,0.0,0.0,0.0,0.0,0.0,0.0,0.0,0.0,0.0,0.0,0.0,0.0,0.0,0.0,0.0,0.0,0.0,237.0,237.0,237.0,237.0,237.0,237.0,237.0,237.0,0.0,0.0,0.0,0.0,0.0,0.0,0.0,0.0,0.0,0.0,0.0,0.0,0.0,245.0,245.0,245.0,245.0,245.0,245.0,245.0,0.0,0.0,0.0,0.0,0.0,0.0,267.0,267.0,267.0,267.0,0.0,0.0,0.0,0.0,0.0,0.0,0.0,0.0,0.0,0.0
77,0.0,0.0,0.0,256.0,256.0,256.0,256.0,256.0,256.0,256.0,0.0,0.0,0.0,0.0,0.0,0.0,0.0,0.0,0.0,0.0,0.0,234.0,234.0,234.0,0.0,0.0,0.0,0.0,0.0,0.0,266.0,266.0,266.0,266.0,266.0,0.0,0.0,0.0,0.0,0.0,0.0,0.0,0.0,0.0,0.0,0.0,0.0,0.0,0.0,0.0,0.0,0.0,0.0,0.0,0.0,0.0,0.0,0.0,0.0,0.0,0.0,0.0,0.0,0.0,0.0,0.0,0.0,0.0,0.0,0.0,0.0,0.0,237.0,237.0,237.0,237.0,237.0,237.0,0.0,0.0,0.0,0.0,0.0,0.0,0.0,0.0,0.0,0.0,0.0,0.0,0.0,0.0,245.0,245.0,245.0,245.0,245.0,245.0,245.0,245.0,0.0,0.0,0.0,0.0,267.0,267.0,267.0,267.0,267.0,267.0,0.0,0.0,0.0,0.0,0.0,0.0,0.0,0.0,0.0
78,0.0,0.0,256.0,256.0,256.0,256.0,256.0,256.0,256.0,256.0,0.0,0.0,0.0,0.0,0.0,0.0,0.0,0.0,0.0,0.0,0.0,0.0,0.0,0.0,0.0,0.0,0.0,0.0,0.0,266.0,266.0,266.0,266.0,266.0,266.0,0.0,0.0,0.0,0.0,0.0,272.0,272.0,272.0,272.0,0.0,0.0,0.0,0.0,0.0,0.0,0.0,0.0,0.0,0.0,0.0,0.0,0.0,0.0,0.0,0.0,0.0,0.0,0.0,0.0,0.0,0.0,0.0,0.0,0.0,0.0,0.0,0.0,0.0,237.0,237.0,237.0,237.0,237.0,0.0,0.0,0.0,0.0,0.0,0.0,0.0,0.0,0.0,0.0,0.0,0.0,0.0,0.0,245.0,245.0,245.0,245.0,245.0,245.0,245.0,245.0,0.0,0.0,0.0,267.0,267.0,267.0,267.0,267.0,267.0,267.0,0.0,0.0,0.0,0.0,0.0,0.0,0.0,0.0,260.0
79,0.0,0.0,256.0,256.0,256.0,256.0,256.0,256.0,256.0,256.0,0.0,0.0,0.0,0.0,0.0,275.0,275.0,275.0,275.0,275.0,275.0,0.0,0.0,0.0,0.0,0.0,0.0,0.0,266.0,266.0,266.0,266.0,266.0,266.0,266.0,266.0,0.0,0.0,0.0,272.0,272.0,272.0,272.0,272.0,272.0,0.0,0.0,0.0,0.0,0.0,0.0,0.0,0.0,0.0,0.0,0.0,0.0,0.0,0.0,0.0,0.0,0.0,0.0,0.0,0.0,0.0,0.0,0.0,0.0,0.0,0.0,0.0,0.0,0.0,0.0,0.0,0.0,0.0,0.0,0.0,0.0,0.0,0.0,0.0,0.0,0.0,0.0,0.0,0.0,0.0,0.0,0.0,245.0,245.0,245.0,245.0,245.0,245.0,245.0,245.0,0.0,267.0,267.0,267.0,267.0,267.0,267.0,267.0,267.0,267.0,267.0,0.0,0.0,0.0,0.0,0.0,0.0,0.0,260.0
80,0.0,0.0,256.0,256.0,256.0,256.0,256.0,256.0,256.0,256.0,0.0,0.0,0.0,0.0,275.0,275.0,275.0,275.0,275.0,275.0,275.0,275.0,0.0,0.0,0.0,0.0,0.0,0.0,266.0,266.0,266.0,266.0,266.0,266.0,266.0,266.0,0.0,0.0,272.0,272.0,272.0,272.0,272.0,272.0,272.0,272.0,0.0,0.0,277.0,277.0,277.0,277.0,277.0,277.0,0.0,0.0,0.0,0.0,0.0,0.0,0.0,0.0,0.0,0.0,0.0,0.0,0.0,278.0,278.0,278.0,278.0,278.0,0.0,0.0,0.0,0.0,0.0,0.0,0.0,0.0,0.0,0.0,0.0,0.0,0.0,0.0,0.0,0.0,0.0,0.0,0.0,0.0,245.0,245.0,245.0,245.0,245.0,245.0,0.0,0.0,0.0,267.0,267.0,267.0,267.0,267.0,267.0,267.0,267.0,267.0,267.0,0.0,0.0,0.0,0.0,0.0,0.0,0.0,260.0
81,0.0,0.0,0.0,256.0,256.0,256.0,256.0,256.0,256.0,256.0,0.0,0.0,0.0,0.0,275.0,275.0,275.0,275.0,275.0,275.0,275.0,275.0,0.0,0.0,0.0,0.0,0.0,0.0,266.0,266.0,266.0,266.0,266.0,266.0,266.0,266.0,0.0,0.0,272.0,272.0,272.0,272.0,272.0,272.0,272.0,272.0,272.0,277.0,277.0,277.0,277.0,277.0,277.0,277.0,277.0,0.0,0.0,0.0,0.0,0.0,0.0,0.0,0.0,0.0,0.0,0.0,278.0,278.0,278.0,278.0,278.0,278.0,278.0,0.0,0.0,0.0,0.0,0.0,0.0,0.0,0.0,0.0,0.0,0.0,0.0,0.0,0.0,0.0,0.0,0.0,0.0,0.0,0.0,245.0,245.0,245.0,245.0,0.0,0.0,0.0,0.0,267.0,267.0,267.0,267.0,267.0,267.0,267.0,267.0,267.0,267.0,0.0,0.0,0.0,0.0,0.0,0.0,0.0,260.0
82,0.0,0.0,0.0,256.0,256.0,256.0,256.0,256.0,256.0,0.0,0.0,0.0,0.0,0.0,275.0,275.0,275.0,275.0,275.0,275.0,275.0,275.0,275.0,0.0,0.0,0.0,0.0,0.0,266.0,266.0,266.0,266.0,266.0,266.0,266.0,266.0,0.0,0.0,272.0,272.0,272.0,272.0,272.0,272.0,272.0,272.0,272.0,277.0,277.0,277.0,277.0,277.0,277.0,277.0,277.0,0.0,0.0,0.0,0.0,0.0,0.0,0.0,0.0,0.0,0.0,278.0,278.0,278.0,278.0,278.0,278.0,278.0,278.0,278.0,0.0,0.0,0.0,0.0,0.0,0.0,0.0,0.0,0.0,0.0,0.0,0.0,0.0,0.0,0.0,0.0,0.0,0.0,0.0,0.0,0.0,0.0,0.0,0.0,0.0,0.0,0.0,267.0,267.0,267.0,267.0,267.0,267.0,267.0,267.0,267.0,267.0,0.0,0.0,0.0,0.0,0.0,0.0,0.0,260.0
83,0.0,0.0,0.0,0.0,256.0,256.0,256.0,256.0,0.0,0.0,0.0,0.0,0.0,0.0,275.0,275.0,275.0,275.0,275.0,275.0,275.0,275.0,275.0,0.0,0.0,0.0,0.0,0.0,266.0,266.0,266.0,266.0,266.0,266.0,266.0,266.0,0.0,0.0,272.0,272.0,272.0,272.0,272.0,272.0,272.0,272.0,277.0,277.0,277.0,277.0,277.0,277.0,277.0,277.0,277.0,0.0,0.0,0.0,0.0,0.0,0.0,0.0,0.0,0.0,0.0,278.0,278.0,278.0,278.0,278.0,278.0,278.0,278.0,278.0,0.0,0.0,0.0,0.0,0.0,0.0,0.0,0.0,0.0,0.0,0.0,0.0,0.0,0.0,0.0,0.0,0.0,0.0,0.0,0.0,0.0,0.0,0.0,0.0,0.0,0.0,0.0,267.0,267.0,267.0,267.0,267.0,267.0,267.0,267.0,267.0,0.0,0.0,0.0,0.0,0.0,0.0,0.0,0.0,279.0
84,0.0,0.0,0.0,0.0,288.0,288.0,288.0,288.0,0.0,0.0,0.0,0.0,0.0,0.0,275.0,275.0,275.0,275.0,275.0,275.0,275.0,275.0,275.0,0.0,0.0,0.0,0.0,0.0,0.0,266.0,266.0,266.0,266.0,266.0,266.0,266.0,0.0,0.0,272.0,272.0,272.0,272.0,272.0,272.0,272.0,272.0,277.0,277.0,277.0,277.0,277.0,277.0,277.0,277.0,277.0,0.0,0.0,0.0,0.0,0.0,0.0,0.0,0.0,0.0,0.0,278.0,278.0,278.0,278.0,278.0,278.0,278.0,278.0,278.0,0.0,0.0,0.0,0.0,0.0,0.0,0.0,0.0,0.0,0.0,0.0,0.0,0.0,0.0,0.0,0.0,0.0,0.0,0.0,0.0,0.0,0.0,0.0,0.0,0.0,0.0,0.0,0.0,0.0,267.0,267.0,267.0,267.0,267.0,267.0,267.0,0.0,0.0,0.0,0.0,0.0,0.0,293.0,293.0,279.0
85,0.0,0.0,0.0,288.0,288.0,288.0,288.0,288.0,288.0,0.0,0.0,0.0,0.0,0.0,275.0,275.0,275.0,275.0,275.0,275.0,275.0,275.0,275.0,0.0,0.0,0.0,0.0,0.0,0.0,0.0,266.0,266.0,266.0,266.0,266.0,0.0,0.0,0.0,0.0,272.0,272.0,272.0,272.0,272.0,0.0,0.0,277.0,277.0,277.0,277.0,277.0,277.0,277.0,277.0,277.0,0.0,0.0,0.0,0.0,0.0,0.0,0.0,0.0,0.0,0.0,278.0,278.0,278.0,278.0,278.0,278.0,278.0,278.0,278.0,0.0,0.0,0.0,0.0,0.0,0.0,0.0,0.0,0.0,297.0,297.0,297.0,297.0,297.0,297.0,0.0,0.0,0.0,0.0,0.0,0.0,0.0,0.0,0.0,0.0,0.0,0.0,0.0,0.0,0.0,267.0,267.0,267.0,267.0,0.0,0.0,0.0,0.0,0.0,0.0,293.0,293.0,293.0,293.0,293.0
86,0.0,0.0,288.0,288.0,288.0,288.0,288.0,288.0,288.0,0.0,0.0,0.0,0.0,0.0,0.0,275.0,275.0,275.0,275.0,275.0,275.0,275.0,0.0,0.0,0.0,0.0,0.0,0.0,0.0,0.0,0.0,0.0,0.0,0.0,0.0,0.0,0.0,0.0,0.0,0.0,272.0,272.0,272.0,0.0,0.0,0.0,0.0,277.0,277.0,277.0,277.0,277.0,277.0,277.0,277.0,0.0,0.0,0.0,0.0,0.0,0.0,0.0,0.0,0.0,0.0,0.0,278.0,278.0,278.0,278.0,278.0,278.0,278.0,278.0,0.0,0.0,0.0,0.0,0.0,0.0,0.0,0.0,297.0,297.0,297.0,297.0,297.0,297.0,297.0,0.0,0.0,0.0,0.0,0.0,0.0,0.0,0.0,0.0,0.0,0.0,0.0,0.0,0.0,0.0,0.0,0.0,0.0,0.0,0.0,0.0,0.0,0.0,0.0,0.0,293.0,293.0,293.0,293.0,293.0
87,0.0,0.0,288.0,288.0,288.0,288.0,288.0,288.0,288.0,288.0,0.0,0.0,0.0,0.0,0.0,0.0,0.0,0.0,275.0,275.0,275.0,0.0,0.0,0.0,0.0,0.0,0.0,0.0,0.0,0.0,0.0,0.0,0.0,0.0,0.0,0.0,0.0,0.0,0.0,0.0,0.0,0.0,0.0,0.0,0.0,0.0,0.0,277.0,277.0,277.0,277.0,277.0,277.0,277.0,0.0,0.0,0.0,0.0,0.0,0.0,0.0,0.0,0.0,0.0,0.0,0.0,0.0,278.0,278.0,278.0,278.0,278.0,278.0,0.0,0.0,0.0,0.0,0.0,0.0,0.0,0.0,297.0,297.0,297.0,297.0,297.0,297.0,297.0,297.0,297.0,0.0,0.0,0.0,0.0,0.0,0.0,0.0,0.0,0.0,0.0,0.0,0.0,0.0,0.0,0.0,0.0,0.0,0.0,0.0,0.0,0.0,0.0,0.0,293.0,293.0,293.0,293.0,293.0,293.0
88,0.0,0.0,288.0,288.0,288.0,288.0,288.0,288.0,288.0,288.0,288.0,0.0,0.0,0.0,0.0,0.0,0.0,0.0,0.0,0.0,0.0,0.0,0.0,0.0,0.0,0.0,0.0,0.0,0.0,0.0,0.0,0.0,0.0,0.0,0.0,0.0,0.0,0.0,0.0,0.0,0.0,0.0,0.0,0.0,0.0,0.0,0.0,277.0,277.0,277.0,277.0,277.0,0.0,0.0,0.0,0.0,0.0,0.0,0.0,0.0,0.0,0.0,0.0,0.0,0.0,0.0,0.0,278.0,278.0,278.0,278.0,278.0,0.0,0.0,0.0,0.0,0.0,0.0,0.0,0.0,0.0,297.0,297.0,297.0,297.0,297.0,297.0,297.0,297.0,297.0,0.0,0.0,0.0,0.0,0.0,0.0,0.0,0.0,0.0,0.0,0.0,0.0,0.0,0.0,0.0,0.0,0.0,0.0,0.0,0.0,0.0,0.0,0.0,293.0,293.0,293.0,293.0,293.0,293.0
89,0.0,0.0,288.0,288.0,288.0,288.0,288.0,288.0,288.0,288.0,288.0,0.0,0.0,0.0,0.0,0.0,0.0,0.0,0.0,0.0,0.0,0.0,0.0,0.0,0.0,0.0,0.0,0.0,0.0,0.0,0.0,0.0,0.0,0.0,0.0,0.0,0.0,0.0,0.0,0.0,0.0,0.0,0.0,0.0,0.0,0.0,0.0,0.0,0.0,0.0,0.0,0.0,0.0,0.0,0.0,0.0,0.0,0.0,0.0,0.0,0.0,0.0,0.0,0.0,0.0,0.0,0.0,304.0,304.0,278.0,278.0,0.0,0.0,0.0,0.0,0.0,0.0,0.0,0.0,0.0,0.0,297.0,297.0,297.0,297.0,297.0,297.0,297.0,297.0,297.0,0.0,0.0,0.0,0.0,0.0,0.0,0.0,0.0,0.0,0.0,0.0,0.0,0.0,0.0,0.0,0.0,0.0,0.0,0.0,0.0,0.0,0.0,0.0,293.0,293.0,293.0,293.0,293.0,293.0
90,0.0,0.0,0.0,288.0,288.0,288.0,288.0,288.0,288.0,288.0,288.0,0.0,0.0,0.0,0.0,0.0,0.0,0.0,0.0,0.0,0.0,0.0,0.0,0.0,0.0,0.0,0.0,0.0,0.0,0.0,0.0,0.0,0.0,0.0,0.0,0.0,0.0,0.0,0.0,0.0,0.0,0.0,0.0,0.0,0.0,0.0,0.0,0.0,0.0,0.0,0.0,0.0,0.0,0.0,0.0,0.0,0.0,0.0,0.0,0.0,0.0,0.0,0.0,0.0,0.0,0.0,304.0,304.0,304.0,304.0,304.0,0.0,0.0,0.0,0.0,0.0,0.0,0.0,0.0,0.0,0.0,297.0,297.0,297.0,297.0,297.0,297.0,297.0,297.0,297.0,0.0,0.0,0.0,0.0,0.0,0.0,0.0,0.0,0.0,0.0,0.0,0.0,305.0,305.0,305.0,305.0,305.0,0.0,0.0,0.0,0.0,0.0,0.0,293.0,293.0,293.0,293.0,293.0,293.0
91,0.0,0.0,0.0,288.0,288.0,288.0,288.0,288.0,288.0,288.0,0.0,0.0,0.0,0.0,0.0,0.0,0.0,0.0,0.0,0.0,0.0,0.0,0.0,0.0,0.0,0.0,0.0,0.0,0.0,0.0,0.0,0.0,0.0,0.0,0.0,0.0,0.0,0.0,0.0,0.0,0.0,0.0,0.0,0.0,0.0,0.0,0.0,0.0,0.0,0.0,0.0,0.0,0.0,0.0,0.0,0.0,0.0,0.0,0.0,0.0,0.0,0.0,0.0,0.0,0.0,304.0,304.0,304.0,304.0,304.0,304.0,304.0,0.0,0.0,0.0,0.0,0.0,0.0,0.0,0.0,0.0,0.0,297.0,297.0,297.0,297.0,297.0,297.0,297.0,297.0,0.0,0.0,0.0,0.0,0.0,0.0,0.0,0.0,0.0,0.0,0.0,305.0,305.0,305.0,305.0,305.0,305.0,305.0,0.0,0.0,0.0,0.0,0.0,293.0,293.0,293.0,293.0,293.0,293.0
92,0.0,0.0,0.0,0.0,288.0,288.0,288.0,288.0,0.0,0.0,0.0,0.0,0.0,0.0,0.0,0.0,0.0,0.0,0.0,0.0,0.0,0.0,0.0,0.0,0.0,0.0,0.0,0.0,0.0,0.0,0.0,0.0,0.0,0.0,0.0,0.0,0.0,0.0,0.0,0.0,0.0,0.0,0.0,0.0,0.0,0.0,0.0,0.0,0.0,0.0,0.0,0.0,0.0,0.0,0.0,0.0,0.0,0.0,0.0,0.0,0.0,0.0,0.0,0.0,304.0,304.0,304.0,304.0,304.0,304.0,304.0,304.0,304.0,0.0,0.0,0.0,0.0,0.0,0.0,0.0,0.0,0.0,297.0,297.0,297.0,297.0,297.0,297.0,297.0,0.0,0.0,0.0,0.0,0.0,0.0,0.0,0.0,0.0,0.0,0.0,0.0,305.0,305.0,305.0,305.0,305.0,305.0,305.0,0.0,0.0,0.0,0.0,0.0,0.0,293.0,293.0,293.0,293.0,293.0
93,0.0,0.0,0.0,0.0,0.0,0.0,0.0,0.0,0.0,0.0,0.0,0.0,0.0,0.0,0.0,0.0,0.0,0.0,0.0,0.0,0.0,0.0,0.0,0.0,0.0,0.0,0.0,0.0,0.0,0.0,0.0,0.0,0.0,0.0,0.0,0.0,0.0,0.0,0.0,0.0,0.0,0.0,0.0,0.0,0.0,0.0,317.0,317.0,317.0,317.0,317.0,0.0,0.0,0.0,0.0,0.0,0.0,0.0,0.0,0.0,0.0,0.0,0.0,0.0,304.0,304.0,304.0,304.0,304.0,304.0,304.0,304.0,304.0,0.0,0.0,0.0,0.0,0.0,0.0,0.0,0.0,0.0,0.0,297.0,297.0,297.0,297.0,297.0,0.0,0.0,0.0,0.0,0.0,0.0,0.0,0.0,0.0,0.0,0.0,0.0,305.0,305.0,305.0,305.0,305.0,305.0,305.0,305.0,0.0,0.0,0.0,0.0,0.0,0.0,0.0,0.0,293.0,293.0,293.0
94,0.0,0.0,0.0,0.0,0.0,0.0,0.0,0.0,0.0,0.0,0.0,0.0,0.0,0.0,0.0,0.0,0.0,0.0,0.0,322.0,322.0,322.0,322.0,0.0,0.0,0.0,0.0,0.0,0.0,0.0,0.0,0.0,0.0,0.0,0.0,0.0,0.0,0.0,0.0,0.0,0.0,0.0,0.0,0.0,0.0,0.0,317.0,317.0,317.0,317.0,317.0,317.0,317.0,0.0,0.0,0.0,0.0,0.0,0.0,0.0,0.0,0.0,0.0,0.0,304.0,304.0,304.0,304.0,304.0,304.0,304.0,304.0,304.0,0.0,0.0,0.0,0.0,0.0,0.0,0.0,0.0,0.0,0.0,0.0,0.0,307.0,307.0,307.0,0.0,0.0,0.0,0.0,0.0,0.0,0.0,0.0,0.0,0.0,0.0,0.0,305.0,305.0,305.0,305.0,305.0,305.0,305.0,305.0,305.0,0.0,0.0,0.0,0.0,0.0,0.0,0.0,0.0,0.0,0.0
95,0.0,0.0,0.0,0.0,0.0,0.0,0.0,0.0,0.0,0.0,0.0,0.0,0.0,0.0,0.0,0.0,0.0,0.0,322.0,322.0,322.0,322.0,322.0,322.0,0.0,0.0,0.0,0.0,0.0,0.0,0.0,0.0,0.0,0.0,0.0,0.0,0.0,0.0,0.0,0.0,0.0,0.0,0.0,0.0,0.0,317.0,317.0,317.0,317.0,317.0,317.0,317.0,317.0,0.0,0.0,0.0,0.0,0.0,0.0,0.0,0.0,0.0,0.0,0.0,304.0,304.0,304.0,304.0,304.0,304.0,304.0,304.0,304.0,0.0,0.0,0.0,0.0,0.0,0.0,0.0,0.0,0.0,0.0,0.0,0.0,307.0,307.0,323.0,323.0,323.0,0.0,0.0,0.0,0.0,0.0,0.0,0.0,0.0,0.0,0.0,305.0,305.0,305.0,305.0,305.0,305.0,305.0,305.0,305.0,0.0,0.0,0.0,0.0,0.0,0.0,0.0,0.0,0.0,0.0
96,0.0,0.0,0.0,0.0,0.0,0.0,0.0,0.0,0.0,0.0,0.0,0.0,0.0,0.0,0.0,0.0,0.0,322.0,322.0,322.0,322.0,322.0,322.0,322.0,0.0,0.0,0.0,0.0,0.0,0.0,0.0,0.0,0.0,0.0,0.0,0.0,0.0,0.0,0.0,0.0,0.0,0.0,0.0,0.0,0.0,317.0,317.0,317.0,317.0,317.0,317.0,317.0,317.0,0.0,0.0,0.0,0.0,0.0,0.0,0.0,0.0,0.0,0.0,0.0,0.0,304.0,304.0,304.0,304.0,304.0,304.0,304.0,0.0,0.0,0.0,0.0,0.0,0.0,0.0,0.0,0.0,0.0,0.0,0.0,0.0,323.0,323.0,323.0,323.0,323.0,323.0,323.0,0.0,0.0,0.0,0.0,0.0,0.0,0.0,0.0,318.0,318.0,305.0,305.0,305.0,305.0,305.0,305.0,305.0,331.0,331.0,0.0,0.0,0.0,0.0,0.0,0.0,0.0,0.0
97,0.0,0.0,0.0,0.0,0.0,335.0,335.0,335.0,0.0,0.0,0.0,0.0,0.0,0.0,0.0,0.0,0.0,322.0,322.0,322.0,322.0,322.0,322.0,322.0,322.0,0.0,0.0,0.0,0.0,0.0,0.0,0.0,0.0,0.0,0.0,0.0,0.0,0.0,0.0,0.0,0.0,0.0,0.0,0.0,0.0,317.0,317.0,317.0,317.0,317.0,317.0,317.0,317.0,0.0,0.0,0.0,0.0,0.0,0.0,0.0,0.0,0.0,0.0,0.0,0.0,304.0,304.0,304.0,304.0,304.0,304.0,0.0,0.0,0.0,0.0,0.0,0.0,0.0,0.0,0.0,0.0,0.0,0.0,0.0,323.0,323.0,323.0,323.0,323.0,323.0,323.0,323.0,0.0,0.0,0.0,0.0,330.0,330.0,330.0,330.0,318.0,318.0,318.0,305.0,305.0,305.0,305.0,305.0,331.0,331.0,331.0,331.0,331.0,331.0,0.0,0.0,0.0,0.0,0.0
98,0.0,0.0,0.0,0.0,335.0,335.0,335.0,335.0,335.0,335.0,0.0,0.0,0.0,0.0,0.0,0.0,0.0,322.0,322.0,322.0,322.0,322.0,322.0,322.0,322.0,0.0,0.0,0.0,0.0,0.0,0.0,0.0,0.0,0.0,0.0,0.0,0.0,0.0,0.0,0.0,0.0,0.0,0.0,0.0,0.0,317.0,317.0,317.0,317.0,317.0,317.0,317.0,317.0,0.0,0.0,0.0,0.0,0.0,0.0,0.0,337.0,337.0,337.0,337.0,337.0,337.0,0.0,0.0,0.0,0.0,0.0,0.0,0.0,0.0,0.0,0.0,0.0,0.0,0.0,0.0,0.0,0.0,0.0,0.0,323.0,323.0,323.0,323.0,323.0,323.0,323.0,323.0,0.0,0.0,0.0,330.0,330.0,330.0,330.0,330.0,330.0,318.0,318.0,0.0,0.0,0.0,0.0,0.0,331.0,331.0,331.0,331.0,331.0,331.0,331.0,0.0,0.0,0.0,0.0
99,0.0,0.0,0.0,335.0,335.0,335.0,335.0,335.0,335.0,335.0,335.0,0.0,0.0,0.0,0.0,0.0,0.0,322.0,322.0,322.0,322.0,322.0,322.0,322.0,322.0,0.0,0.0,0.0,0.0,0.0,0.0,0.0,0.0,0.0,0.0,0.0,0.0,0.0,0.0,0.0,0.0,0.0,0.0,0.0,0.0,317.0,317.0,317.0,317.0,317.0,317.0,317.0,317.0,0.0,0.0,0.0,0.0,0.0,0.0,337.0,337.0,337.0,337.0,337.0,337.0,337.0,0.0,0.0,0.0,0.0,0.0,0.0,0.0,0.0,0.0,0.0,0.0,0.0,0.0,0.0,0.0,0.0,0.0,0.0,323.0,323.0,323.0,323.0,323.0,323.0,323.0,323.0,0.0,0.0,0.0,330.0,330.0,330.0,330.0,330.0,330.0,330.0,330.0,0.0,0.0,0.0,0.0,0.0,331.0,331.0,331.0,331.0,331.0,331.0,331.0,0.0,0.0,0.0,0.0
100,0.0,0.0,0.0,335.0,335.0,335.0,335.0,335.0,335.0,335.0,335.0,0.0,0.0,0.0,0.0,0.0,0.0,322.0,322.0,322.0,322.0,322.0,322.0,336.0,336.0,0.0,0.0,0.0,0.0,0.0,0.0,0.0,0.0,0.0,0.0,0.0,0.0,0.0,0.0,0.0,0.0,0.0,0.0,0.0,0.0,317.0,317.0,317.0,317.0,317.0,317.0,317.0,0.0,0.0,0.0,0.0,0.0,0.0,0.0,337.0,337.0,337.0,337.0,337.0,337.0,337.0,0.0,0.0,0.0,0.0,0.0,0.0,0.0,0.0,0.0,0.0,0.0,0.0,0.0,0.0,0.0,0.0,0.0,0.0,323.0,323.0,323.0,323.0,323.0,323.0,323.0,323.0,0.0,0.0,0.0,330.0,330.0,330.0,330.0,330.0,330.0,330.0,0.0,0.0,0.0,0.0,0.0,331.0,331.0,331.0,331.0,331.0,331.0,331.0,331.0,0.0,0.0,0.0,0.0
101,0.0,0.0,0.0,335.0,335.0,335.0,335.0,335.0,335.0,335.0,335.0,0.0,0.0,0.0,0.0,0.0,0.0,0.0,322.0,322.0,322.0,322.0,336.0,336.0,336.0,336.0,0.0,0.0,0.0,0.0,0.0,0.0,0.0,0.0,0.0,0.0,0.0,0.0,0.0,0.0,0.0,0.0,0.0,0.0,0.0,0.0,0.0,317.0,317.0,317.0,317.0,0.0,0.0,0.0,0.0,0.0,0.0,0.0,337.0,337.0,337.0,337.0,337.0,337.0,337.0,337.0,0.0,0.0,0.0,0.0,0.0,0.0,0.0,0.0,0.0,0.0,0.0,0.0,346.0,346.0,346.0,346.0,346.0,346.0,323.0,323.0,323.0,323.0,323.0,323.0,323.0,0.0,0.0,0.0,0.0,330.0,330.0,330.0,330.0,330.0,330.0,330.0,0.0,0.0,0.0,0.0,0.0,331.0,331.0,331.0,331.0,331.0,331.0,331.0,331.0,0.0,0.0,0.0,0.0
102,0.0,0.0,0.0,335.0,335.0,335.0,335.0,335.0,335.0,335.0,335.0,0.0,0.0,0.0,0.0,0.0,0.0,0.0,0.0,0.0,0.0,0.0,336.0,336.0,336.0,336.0,351.0,351.0,351.0,351.0,351.0,0.0,0.0,0.0,0.0,0.0,0.0,0.0,0.0,0.0,0.0,0.0,0.0,0.0,0.0,0.0,0.0,341.0,341.0,341.0,341.0,0.0,0.0,0.0,0.0,0.0,0.0,0.0,337.0,337.0,337.0,337.0,337.0,337.0,337.0,337.0,0.0,0.0,0.0,0.0,0.0,0.0,0.0,0.0,0.0,0.0,0.0,346.0,346.0,346.0,346.0,346.0,346.0,346.0,346.0,0.0,0.0,0.0,0.0,0.0,0.0,0.0,0.0,0.0,0.0,330.0,330.0,330.0,330.0,330.0,330.0,330.0,0.0,0.0,0.0,0.0,0.0,331.0,331.0,331.0,331.0,331.0,331.0,331.0,331.0,0.0,0.0,0.0,0.0
103,0.0,0.0,0.0,335.0,335.0,335.0,335.0,335.0,335.0,335.0,335.0,0.0,0.0,0.0,0.0,0.0,0.0,0.0,0.0,0.0,0.0,0.0,0.0,336.0,336.0,351.0,351.0,351.0,351.0,351.0,351.0,0.0,0.0,0.0,0.0,0.0,0.0,0.0,0.0,0.0,0.0,0.0,0.0,0.0,0.0,0.0,0.0,355.0,355.0,355.0,355.0,0.0,0.0,0.0,0.0,0.0,0.0,0.0,337.0,337.0,337.0,337.0,337.0,337.0,337.0,337.0,0.0,0.0,0.0,0.0,0.0,0.0,0.0,0.0,0.0,0.0,0.0,346.0,346.0,346.0,346.0,346.0,346.0,346.0,346.0,0.0,0.0,0.0,0.0,0.0,0.0,0.0,0.0,0.0,0.0,330.0,330.0,330.0,330.0,330.0,330.0,0.0,0.0,0.0,0.0,0.0,0.0,331.0,331.0,331.0,331.0,331.0,331.0,331.0,331.0,0.0,0.0,0.0,0.0
104,0.0,0.0,0.0,0.0,335.0,335.0,335.0,335.0,335.0,335.0,0.0,0.0,0.0,0.0,0.0,0.0,0.0,0.0,0.0,0.0,0.0,0.0,0.0,351.0,351.0,351.0,351.0,351.0,351.0,351.0,351.0,0.0,0.0,0.0,0.0,0.0,0.0,0.0,0.0,0.0,0.0,0.0,0.0,0.0,0.0,0.0,355.0,355.0,355.0,355.0,355.0,355.0,0.0,0.0,0.0,0.0,0.0,0.0,0.0,337.0,337.0,337.0,337.0,337.0,337.0,337.0,0.0,0.0,0.0,0.0,0.0,0.0,0.0,0.0,0.0,0.0,346.0,346.0,346.0,346.0,346.0,346.0,346.0,346.0,0.0,0.0,0.0,0.0,0.0,0.0,0.0,0.0,0.0,0.0,0.0,330.0,330.0,330.0,330.0,330.0,330.0,0.0,0.0,0.0,0.0,0.0,0.0,0.0,331.0,331.0,331.0,331.0,331.0,331.0,0.0,358.0,358.0,358.0,358.0
105,0.0,0.0,0.0,0.0,0.0,0.0,335.0,335.0,335.0,0.0,0.0,0.0,0.0,0.0,0.0,0.0,0.0,0.0,0.0,0.0,0.0,0.0,0.0,351.0,351.0,351.0,351.0,351.0,351.0,351.0,351.0,0.0,0.0,0.0,0.0,0.0,0.0,0.0,0.0,0.0,0.0,0.0,0.0,0.0,0.0,355.0,355.0,355.0,355.0,355.0,355.0,355.0,355.0,0.0,0.0,0.0,0.0,0.0,0.0,0.0,337.0,337.0,337.0,337.0,0.0,0.0,0.0,0.0,0.0,0.0,0.0,0.0,0.0,0.0,0.0,0.0,346.0,346.0,346.0,346.0,346.0,346.0,346.0,346.0,0.0,0.0,0.0,0.0,0.0,0.0,0.0,0.0,0.0,0.0,0.0,0.0,330.0,330.0,330.0,330.0,0.0,0.0,0.0,0.0,0.0,0.0,0.0,0.0,0.0,0.0,0.0,0.0,0.0,0.0,0.0,358.0,358.0,358.0,358.0
106,0.0,0.0,0.0,0.0,0.0,368.0,368.0,335.0,335.0,0.0,0.0,0.0,0.0,0.0,0.0,0.0,0.0,0.0,0.0,0.0,0.0,0.0,0.0,351.0,351.0,351.0,351.0,351.0,351.0,351.0,351.0,0.0,0.0,0.0,0.0,0.0,0.0,0.0,0.0,0.0,0.0,0.0,0.0,0.0,0.0,355.0,355.0,355.0,355.0,355.0,355.0,355.0,355.0,0.0,0.0,0.0,0.0,0.0,0.0,0.0,0.0,0.0,0.0,0.0,0.0,0.0,0.0,0.0,0.0,0.0,0.0,0.0,0.0,0.0,0.0,0.0,346.0,346.0,346.0,346.0,346.0,346.0,346.0,346.0,0.0,0.0,0.0,0.0,0.0,0.0,0.0,0.0,0.0,0.0,0.0,0.0,0.0,356.0,356.0,356.0,0.0,0.0,0.0,0.0,0.0,0.0,0.0,0.0,0.0,0.0,0.0,0.0,0.0,0.0,0.0,358.0,358.0,358.0,358.0
107,0.0,0.0,0.0,0.0,368.0,368.0,368.0,368.0,368.0,0.0,0.0,0.0,0.0,0.0,0.0,0.0,0.0,0.0,0.0,0.0,0.0,0.0,0.0,351.0,351.0,351.0,351.0,351.0,351.0,351.0,351.0,0.0,0.0,0.0,0.0,0.0,0.0,0.0,0.0,0.0,0.0,0.0,0.0,0.0,0.0,355.0,355.0,355.0,355.0,355.0,355.0,355.0,355.0,0.0,0.0,0.0,0.0,0.0,0.0,0.0,0.0,0.0,0.0,0.0,0.0,0.0,0.0,0.0,0.0,0.0,0.0,0.0,0.0,0.0,0.0,0.0,0.0,346.0,346.0,346.0,346.0,346.0,346.0,346.0,0.0,0.0,0.0,0.0,0.0,0.0,0.0,0.0,0.0,0.0,0.0,0.0,0.0,373.0,373.0,373.0,373.0,0.0,0.0,0.0,0.0,0.0,0.0,0.0,0.0,0.0,0.0,0.0,0.0,0.0,0.0,358.0,358.0,358.0,358.0
108,0.0,0.0,368.0,368.0,368.0,368.0,368.0,368.0,368.0,368.0,0.0,0.0,0.0,0.0,0.0,0.0,0.0,0.0,0.0,0.0,0.0,0.0,0.0,351.0,351.0,351.0,351.0,351.0,351.0,351.0,351.0,0.0,0.0,0.0,0.0,0.0,0.0,0.0,0.0,0.0,0.0,0.0,0.0,0.0,0.0,355.0,355.0,355.0,355.0,355.0,355.0,355.0,355.0,0.0,0.0,0.0,0.0,0.0,0.0,0.0,0.0,0.0,0.0,0.0,0.0,0.0,0.0,0.0,0.0,0.0,0.0,0.0,0.0,0.0,0.0,0.0,0.0,0.0,0.0,346.0,346.0,346.0,346.0,0.0,0.0,0.0,372.0,372.0,372.0,372.0,372.0,0.0,0.0,0.0,0.0,0.0,373.0,373.0,373.0,373.0,373.0,373.0,0.0,0.0,0.0,0.0,0.0,0.0,0.0,0.0,0.0,0.0,0.0,0.0,0.0,358.0,358.0,358.0,358.0
109,0.0,0.0,368.0,368.0,368.0,368.0,368.0,368.0,368.0,368.0,0.0,0.0,0.0,0.0,0.0,0.0,0.0,0.0,0.0,0.0,0.0,0.0,0.0,0.0,351.0,351.0,351.0,351.0,351.0,351.0,0.0,0.0,0.0,0.0,0.0,0.0,0.0,0.0,0.0,0.0,0.0,0.0,0.0,0.0,0.0,355.0,355.0,355.0,355.0,355.0,355.0,355.0,355.0,0.0,0.0,0.0,0.0,0.0,0.0,0.0,0.0,0.0,0.0,0.0,377.0,377.0,377.0,377.0,377.0,377.0,0.0,0.0,0.0,0.0,0.0,0.0,0.0,0.0,0.0,0.0,0.0,0.0,0.0,0.0,0.0,372.0,372.0,372.0,372.0,372.0,372.0,372.0,0.0,0.0,0.0,373.0,373.0,373.0,373.0,373.0,373.0,373.0,373.0,0.0,0.0,0.0,0.0,0.0,0.0,0.0,0.0,0.0,0.0,0.0,0.0,358.0,358.0,358.0,358.0
110,0.0,0.0,368.0,368.0,368.0,368.0,368.0,368.0,368.0,368.0,0.0,0.0,0.0,0.0,0.0,0.0,0.0,0.0,0.0,0.0,0.0,0.0,0.0,0.0,0.0,0.0,0.0,351.0,351.0,384.0,384.0,0.0,0.0,0.0,0.0,0.0,0.0,0.0,0.0,0.0,0.0,0.0,0.0,0.0,0.0,0.0,0.0,355.0,355.0,355.0,355.0,0.0,0.0,0.0,0.0,0.0,0.0,0.0,0.0,0.0,0.0,0.0,0.0,377.0,377.0,377.0,377.0,377.0,377.0,377.0,0.0,0.0,0.0,0.0,0.0,0.0,0.0,0.0,0.0,0.0,0.0,0.0,0.0,0.0,0.0,372.0,372.0,372.0,372.0,372.0,372.0,372.0,0.0,0.0,0.0,373.0,373.0,373.0,373.0,373.0,373.0,373.0,373.0,0.0,0.0,0.0,0.0,0.0,0.0,0.0,0.0,0.0,0.0,0.0,0.0,0.0,358.0,358.0,358.0
111,0.0,0.0,368.0,368.0,368.0,368.0,368.0,368.0,368.0,368.0,0.0,0.0,0.0,0.0,0.0,0.0,0.0,0.0,0.0,0.0,0.0,0.0,0.0,0.0,0.0,0.0,0.0,384.0,384.0,384.0,384.0,384.0,384.0,384.0,384.0,0.0,0.0,0.0,0.0,0.0,0.0,0.0,0.0,0.0,0.0,0.0,0.0,0.0,0.0,0.0,0.0,0.0,0.0,0.0,0.0,0.0,0.0,0.0,0.0,0.0,0.0,0.0,0.0,377.0,377.0,377.0,377.0,377.0,377.0,377.0,377.0,0.0,0.0,0.0,0.0,0.0,0.0,0.0,0.0,0.0,0.0,0.0,0.0,0.0,0.0,372.0,372.0,372.0,372.0,372.0,372.0,372.0,0.0,0.0,0.0,373.0,373.0,373.0,373.0,373.0,373.0,373.0,373.0,0.0,0.0,0.0,385.0,385.0,385.0,385.0,385.0,0.0,0.0,0.0,0.0,0.0,0.0,358.0,358.0
112,0.0,0.0,368.0,368.0,368.0,368.0,368.0,368.0,368.0,368.0,0.0,0.0,0.0,0.0,0.0,0.0,0.0,0.0,0.0,0.0,0.0,0.0,0.0,0.0,0.0,0.0,0.0,384.0,384.0,384.0,384.0,384.0,384.0,384.0,384.0,0.0,0.0,0.0,0.0,0.0,0.0,0.0,0.0,0.0,0.0,0.0,0.0,0.0,0.0,0.0,0.0,0.0,0.0,0.0,0.0,0.0,0.0,0.0,0.0,0.0,0.0,0.0,0.0,377.0,377.0,377.0,377.0,377.0,377.0,377.0,377.0,0.0,0.0,0.0,0.0,0.0,0.0,0.0,0.0,0.0,0.0,0.0,0.0,0.0,0.0,372.0,372.0,372.0,372.0,372.0,372.0,372.0,0.0,0.0,0.0,373.0,373.0,373.0,373.0,373.0,373.0,373.0,373.0,0.0,385.0,385.0,385.0,385.0,385.0,385.0,385.0,0.0,0.0,0.0,0.0,0.0,0.0,0.0,0.0
113,0.0,0.0,0.0,368.0,368.0,368.0,368.0,368.0,368.0,368.0,0.0,0.0,0.0,0.0,0.0,0.0,0.0,0.0,0.0,0.0,0.0,0.0,0.0,0.0,0.0,0.0,0.0,384.0,384.0,384.0,384.0,384.0,384.0,384.0,384.0,0.0,0.0,0.0,0.0,0.0,0.0,0.0,0.0,0.0,0.0,0.0,0.0,0.0,0.0,0.0,0.0,0.0,0.0,0.0,0.0,0.0,0.0,0.0,0.0,0.0,0.0,0.0,0.0,377.0,377.0,377.0,377.0,377.0,377.0,377.0,377.0,0.0,0.0,0.0,0.0,0.0,0.0,0.0,0.0,0.0,0.0,0.0,0.0,0.0,0.0,372.0,372.0,372.0,372.0,372.0,372.0,0.0,0.0,0.0,0.0,373.0,373.0,373.0,373.0,373.0,373.0,373.0,0.0,385.0,385.0,385.0,385.0,385.0,385.0,385.0,385.0,0.0,0.0,0.0,0.0,0.0,0.0,0.0,0.0
114,0.0,0.0,0.0,0.0,368.0,368.0,368.0,368.0,368.0,0.0,0.0,0.0,0.0,0.0,0.0,0.0,0.0,0.0,0.0,0.0,0.0,0.0,0.0,0.0,0.0,0.0,0.0,384.0,384.0,384.0,384.0,384.0,384.0,384.0,384.0,0.0,0.0,0.0,0.0,0.0,0.0,0.0,0.0,0.0,0.0,0.0,0.0,0.0,0.0,0.0,0.0,0.0,0.0,0.0,0.0,0.0,0.0,0.0,0.0,0.0,0.0,0.0,377.0,377.0,377.0,377.0,377.0,377.0,377.0,377.0,377.0,0.0,0.0,0.0,0.0,0.0,0.0,396.0,396.0,396.0,396.0,396.0,396.0,0.0,0.0,372.0,372.0,372.0,372.0,372.0,0.0,0.0,0.0,0.0,0.0,0.0,373.0,373.0,373.0,373.0,373.0,0.0,0.0,385.0,385.0,385.0,385.0,385.0,385.0,385.0,385.0,0.0,0.0,0.0,0.0,0.0,0.0,0.0,0.0
115,0.0,0.0,0.0,0.0,0.0,0.0,0.0,0.0,0.0,0.0,0.0,0.0,0.0,0.0,0.0,0.0,0.0,0.0,0.0,0.0,0.0,0.0,0.0,0.0,0.0,0.0,0.0,384.0,384.0,384.0,384.0,384.0,384.0,384.0,384.0,0.0,0.0,0.0,0.0,0.0,0.0,0.0,0.0,0.0,0.0,0.0,0.0,0.0,0.0,398.0,398.0,398.0,398.0,0.0,0.0,0.0,0.0,0.0,399.0,399.0,399.0,0.0,377.0,377.0,377.0,377.0,377.0,377.0,377.0,377.0,0.0,0.0,0.0,0.0,0.0,0.0,0.0,396.0,396.0,396.0,396.0,396.0,396.0,396.0,396.0,0.0,0.0,0.0,0.0,0.0,0.0,0.0,0.0,0.0,0.0,0.0,0.0,373.0,373.0,373.0,0.0,0.0,0.0,385.0,385.0,385.0,385.0,385.0,385.0,385.0,385.0,0.0,0.0,0.0,0.0,0.0,0.0,0.0,0.0
116,0.0,0.0,0.0,0.0,0.0,0.0,0.0,0.0,0.0,0.0,0.0,0.0,0.0,0.0,402.0,402.0,402.0,402.0,402.0,402.0,0.0,0.0,0.0,0.0,0.0,0.0,0.0,0.0,384.0,384.0,384.0,384.0,384.0,384.0,384.0,0.0,0.0,0.0,0.0,0.0,0.0,0.0,0.0,0.0,0.0,0.0,0.0,0.0,398.0,398.0,398.0,398.0,398.0,0.0,0.0,0.0,0.0,399.0,399.0,399.0,399.0,399.0,399.0,377.0,377.0,377.0,0.0,0.0,0.0,0.0,0.0,0.0,0.0,0.0,0.0,0.0,0.0,396.0,396.0,396.0,396.0,396.0,396.0,396.0,396.0,0.0,0.0,0.0,0.0,0.0,0.0,0.0,0.0,0.0,0.0,0.0,0.0,0.0,0.0,0.0,0.0,0.0,0.0,0.0,385.0,385.0,385.0,385.0,385.0,385.0,385.0,0.0,0.0,0.0,0.0,0.0,0.0,0.0,0.0
117,0.0,0.0,0.0,0.0,0.0,0.0,0.0,0.0,0.0,0.0,0.0,0.0,0.0,402.0,402.0,402.0,402.0,402.0,402.0,402.0,0.0,0.0,0.0,0.0,0.0,0.0,0.0,0.0,0.0,384.0,384.0,384.0,384.0,384.0,0.0,0.0,0.0,0.0,0.0,0.0,0.0,0.0,0.0,0.0,0.0,0.0,0.0,0.0,398.0,398.0,398.0,398.0,398.0,398.0,398.0,0.0,399.0,399.0,399.0,399.0,399.0,399.0,399.0,399.0,0.0,0.0,0.0,0.0,0.0,0.0,0.0,0.0,0.0,0.0,0.0,0.0,0.0,396.0,396.0,396.0,396.0,396.0,396.0,396.0,396.0,0.0,0.0,0.0,0.0,0.0,0.0,0.0,0.0,0.0,0.0,0.0,0.0,0.0,0.0,0.0,0.0,0.0,0.0,0.0,385.0,385.0,385.0,385.0,385.0,385.0,385.0,0.0,0.0,0.0,0.0,0.0,0.0,0.0,0.0
118,0.0,0.0,0.0,0.0,0.0,0.0,0.0,0.0,0.0,0.0,0.0,0.0,0.0,402.0,402.0,402.0,402.0,402.0,402.0,402.0,0.0,0.0,0.0,0.0,0.0,0.0,0.0,0.0,0.0,0.0,384.0,384.0,416.0,416.0,0.0,0.0,0.0,0.0,0.0,0.0,0.0,0.0,0.0,0.0,0.0,0.0,0.0,0.0,398.0,398.0,398.0,398.0,398.0,398.0,398.0,0.0,399.0,399.0,399.0,399.0,399.0,399.0,399.0,399.0,0.0,0.0,0.0,0.0,0.0,0.0,0.0,0.0,0.0,0.0,0.0,0.0,0.0,396.0,396.0,396.0,396.0,396.0,396.0,396.0,0.0,0.0,0.0,0.0,0.0,0.0,0.0,0.0,0.0,0.0,0.0,0.0,0.0,0.0,0.0,0.0,0.0,0.0,0.0,0.0,0.0,385.0,385.0,385.0,385.0,0.0,0.0,0.0,0.0,0.0,0.0,0.0,0.0,0.0,0.0
119,0.0,0.0,0.0,0.0,0.0,0.0,0.0,0.0,0.0,0.0,0.0,0.0,402.0,402.0,402.0,402.0,402.0,402.0,402.0,402.0,0.0,0.0,0.0,0.0,0.0,0.0,0.0,0.0,0.0,0.0,416.0,416.0,416.0,416.0,0.0,0.0,0.0,0.0,0.0,0.0,0.0,0.0,0.0,0.0,0.0,0.0,0.0,0.0,398.0,398.0,398.0,398.0,398.0,398.0,398.0,0.0,399.0,399.0,399.0,399.0,399.0,399.0,399.0,399.0,0.0,0.0,0.0,0.0,0.0,0.0,0.0,0.0,0.0,0.0,0.0,0.0,0.0,396.0,396.0,396.0,396.0,396.0,396.0,0.0,0.0,0.0,0.0,0.0,0.0,0.0,0.0,0.0,0.0,0.0,0.0,0.0,0.0,0.0,0.0,0.0,0.0,0.0,0.0,0.0,0.0,0.0,0.0,0.0,0.0,0.0,0.0,0.0,0.0,418.0,418.0,418.0,418.0,418.0,388.0
120,0.0,0.0,0.0,0.0,0.0,0.0,0.0,0.0,0.0,0.0,0.0,0.0,402.0,402.0,402.0,402.0,402.0,402.0,402.0,402.0,0.0,0.0,0.0,0.0,0.0,0.0,0.0,0.0,0.0,0.0,416.0,416.0,416.0,416.0,416.0,0.0,0.0,0.0,0.0,0.0,0.0,0.0,0.0,0.0,0.0,0.0,0.0,0.0,398.0,398.0,398.0,398.0,398.0,398.0,398.0,0.0,399.0,399.0,399.0,399.0,399.0,399.0,399.0,399.0,0.0,0.0,0.0,0.0,0.0,0.0,0.0,0.0,0.0,0.0,0.0,0.0,0.0,0.0,396.0,396.0,396.0,396.0,0.0,0.0,0.0,0.0,0.0,0.0,0.0,0.0,0.0,0.0,0.0,0.0,0.0,0.0,0.0,0.0,0.0,0.0,0.0,0.0,0.0,0.0,0.0,0.0,0.0,0.0,0.0,0.0,0.0,418.0,418.0,418.0,418.0,418.0,418.0,418.0,418.0
121,0.0,0.0,0.0,0.0,0.0,0.0,0.0,0.0,0.0,0.0,0.0,0.0,402.0,402.0,402.0,402.0,402.0,402.0,402.0,402.0,0.0,0.0,0.0,0.0,0.0,0.0,0.0,0.0,416.0,416.0,416.0,416.0,416.0,416.0,416.0,416.0,0.0,0.0,0.0,0.0,434.0,434.0,434.0,0.0,0.0,0.0,0.0,0.0,0.0,398.0,398.0,398.0,398.0,0.0,0.0,0.0,0.0,399.0,399.0,399.0,399.0,399.0,399.0,399.0,0.0,0.0,0.0,425.0,425.0,425.0,0.0,0.0,0.0,0.0,0.0,0.0,0.0,0.0,411.0,411.0,411.0,0.0,0.0,0.0,0.0,0.0,0.0,0.0,0.0,0.0,0.0,0.0,0.0,0.0,0.0,0.0,0.0,0.0,0.0,0.0,0.0,0.0,0.0,0.0,0.0,0.0,0.0,0.0,0.0,0.0,0.0,418.0,418.0,418.0,418.0,418.0,418.0,418.0,418.0
122,0.0,0.0,0.0,0.0,0.0,0.0,0.0,0.0,0.0,0.0,0.0,0.0,402.0,402.0,402.0,402.0,402.0,402.0,402.0,0.0,0.0,0.0,0.0,0.0,0.0,0.0,0.0,0.0,416.0,416.0,416.0,416.0,416.0,416.0,416.0,416.0,0.0,0.0,0.0,0.0,434.0,434.0,434.0,434.0,0.0,0.0,0.0,0.0,0.0,0.0,417.0,417.0,417.0,0.0,0.0,0.0,0.0,0.0,399.0,399.0,399.0,399.0,0.0,0.0,0.0,425.0,425.0,425.0,425.0,425.0,425.0,0.0,0.0,0.0,0.0,0.0,0.0,426.0,426.0,411.0,411.0,0.0,0.0,0.0,0.0,0.0,0.0,0.0,0.0,0.0,0.0,0.0,0.0,0.0,0.0,0.0,0.0,0.0,0.0,0.0,0.0,0.0,0.0,0.0,0.0,0.0,0.0,0.0,0.0,0.0,0.0,418.0,418.0,418.0,418.0,418.0,418.0,418.0,418.0
123,0.0,0.0,0.0,438.0,438.0,438.0,438.0,0.0,0.0,0.0,0.0,0.0,0.0,402.0,402.0,402.0,402.0,402.0,0.0,0.0,0.0,0.0,0.0,0.0,0.0,0.0,0.0,0.0,416.0,416.0,416.0,416.0,416.0,416.0,416.0,416.0,416.0,0.0,0.0,434.0,434.0,434.0,434.0,434.0,0.0,0.0,0.0,0.0,0.0,0.0,417.0,417.0,417.0,0.0,0.0,0.0,0.0,0.0,0.0,0.0,0.0,0.0,0.0,0.0,0.0,425.0,425.0,425.0,425.0,425.0,425.0,0.0,0.0,0.0,0.0,426.0,426.0,426.0,426.0,426.0,426.0,0.0,0.0,0.0,0.0,0.0,0.0,435.0,435.0,435.0,435.0,0.0,0.0,0.0,0.0,0.0,0.0,0.0,0.0,0.0,0.0,0.0,0.0,0.0,0.0,0.0,0.0,0.0,0.0,0.0,0.0,418.0,418.0,418.0,418.0,418.0,418.0,418.0,418.0
124,0.0,0.0,438.0,438.0,438.0,438.0,438.0,438.0,438.0,0.0,0.0,0.0,0.0,0.0,0.0,0.0,0.0,0.0,0.0,0.0,0.0,0.0,0.0,0.0,0.0,0.0,0.0,0.0,416.0,416.0,416.0,416.0,416.0,416.0,416.0,416.0,416.0,434.0,434.0,434.0,434.0,434.0,434.0,434.0,0.0,0.0,0.0,0.0,0.0,0.0,417.0,417.0,440.0,440.0,0.0,0.0,0.0,0.0,0.0,0.0,0.0,0.0,0.0,0.0,425.0,425.0,425.0,425.0,425.0,425.0,425.0,425.0,0.0,0.0,0.0,426.0,426.0,426.0,426.0,426.0,426.0,0.0,0.0,0.0,0.0,0.0,435.0,435.0,435.0,435.0,435.0,0.0,0.0,0.0,0.0,0.0,0.0,0.0,0.0,0.0,0.0,0.0,0.0,0.0,0.0,0.0,0.0,0.0,0.0,0.0,0.0,418.0,418.0,418.0,418.0,418.0,418.0,418.0,418.0
125,0.0,438.0,438.0,438.0,438.0,438.0,438.0,438.0,438.0,0.0,0.0,0.0,0.0,0.0,0.0,0.0,0.0,0.0,0.0,0.0,0.0,0.0,0.0,0.0,0.0,0.0,0.0,0.0,0.0,416.0,416.0,416.0,416.0,416.0,416.0,416.0,434.0,434.0,434.0,434.0,434.0,434.0,434.0,434.0,434.0,0.0,0.0,0.0,0.0,0.0,440.0,440.0,440.0,440.0,440.0,0.0,0.0,0.0,0.0,0.0,0.0,0.0,0.0,0.0,425.0,425.0,425.0,425.0,425.0,425.0,425.0,425.0,0.0,0.0,0.0,426.0,426.0,426.0,426.0,426.0,426.0,0.0,0.0,0.0,0.0,435.0,435.0,435.0,435.0,435.0,435.0,0.0,0.0,0.0,0.0,0.0,0.0,0.0,0.0,0.0,0.0,0.0,0.0,0.0,0.0,0.0,0.0,0.0,0.0,0.0,0.0,418.0,418.0,418.0,418.0,418.0,418.0,418.0,0.0
126,0.0,438.0,438.0,438.0,438.0,438.0,438.0,438.0,438.0,0.0,0.0,0.0,0.0,0.0,0.0,0.0,0.0,0.0,0.0,0.0,0.0,0.0,0.0,0.0,0.0,0.0,0.0,0.0,0.0,439.0,439.0,416.0,416.0,416.0,0.0,0.0,0.0,434.0,434.0,434.0,434.0,434.0,434.0,434.0,434.0,0.0,0.0,0.0,0.0,440.0,440.0,440.0,440.0,440.0,440.0,440.0,0.0,0.0,0.0,0.0,0.0,0.0,0.0,0.0,425.0,425.0,425.0,425.0,425.0,425.0,425.0,425.0,0.0,0.0,0.0,426.0,426.0,426.0,426.0,426.0,426.0,0.0,0.0,0.0,0.0,435.0,435.0,435.0,435.0,435.0,435.0,0.0,0.0,0.0,0.0,0.0,0.0,0.0,0.0,0.0,0.0,0.0,0.0,0.0,0.0,0.0,0.0,0.0,0.0,0.0,0.0,0.0,418.0,418.0,418.0,418.0,418.0,0.0,0.0
127,0.0,438.0,438.0,438.0,438.0,438.0,438.0,438.0,438.0,0.0,0.0,0.0,0.0,0.0,0.0,0.0,0.0,0.0,0.0,0.0,0.0,0.0,0.0,0.0,0.0,0.0,0.0,0.0,0.0,439.0,439.0,439.0,0.0,0.0,0.0,0.0,0.0,0.0,434.0,434.0,434.0,434.0,434.0,434.0,434.0,0.0,0.0,0.0,0.0,440.0,440.0,440.0,440.0,440.0,440.0,440.0,0.0,0.0,0.0,0.0,0.0,0.0,0.0,0.0,425.0,425.0,425.0,425.0,425.0,425.0,425.0,0.0,0.0,0.0,0.0,426.0,426.0,426.0,426.0,426.0,426.0,0.0,0.0,0.0,0.0,435.0,435.0,435.0,435.0,435.0,435.0,0.0,0.0,0.0,0.0,0.0,0.0,0.0,0.0,0.0,0.0,0.0,0.0,0.0,0.0,0.0,0.0,0.0,0.0,0.0,0.0,0.0,0.0,418.0,418.0,418.0,0.0,0.0,0.0
128,0.0,438.0,438.0,438.0,438.0,438.0,438.0,438.0,438.0,0.0,0.0,0.0,0.0,0.0,0.0,0.0,0.0,0.0,0.0,0.0,0.0,0.0,0.0,0.0,0.0,0.0,453.0,453.0,453.0,453.0,439.0,439.0,0.0,0.0,0.0,0.0,0.0,0.0,0.0,434.0,434.0,434.0,434.0,434.0,0.0,0.0,0.0,0.0,0.0,440.0,440.0,440.0,440.0,440.0,440.0,440.0,0.0,0.0,0.0,0.0,0.0,0.0,0.0,0.0,0.0,425.0,425.0,425.0,425.0,425.0,0.0,0.0,0.0,0.0,0.0,0.0,426.0,426.0,426.0,426.0,426.0,0.0,0.0,0.0,0.0,435.0,435.0,435.0,435.0,435.0,435.0,0.0,0.0,0.0,0.0,0.0,456.0,456.0,456.0,456.0,0.0,0.0,0.0,0.0,0.0,0.0,0.0,0.0,0.0,0.0,0.0,0.0,0.0,0.0,0.0,0.0,0.0,0.0,0.0
129,0.0,438.0,438.0,438.0,438.0,438.0,438.0,438.0,0.0,0.0,0.0,0.0,0.0,0.0,0.0,0.0,0.0,0.0,0.0,0.0,0.0,0.0,0.0,0.0,0.0,0.0,453.0,453.0,453.0,453.0,453.0,453.0,0.0,0.0,0.0,0.0,0.0,0.0,0.0,434.0,434.0,434.0,434.0,434.0,0.0,0.0,0.0,0.0,0.0,440.0,440.0,440.0,440.0,440.0,440.0,440.0,0.0,0.0,0.0,0.0,0.0,0.0,0.0,0.0,0.0,0.0,0.0,0.0,0.0,0.0,0.0,0.0,0.0,0.0,0.0,0.0,0.0,426.0,426.0,426.0,0.0,0.0,0.0,0.0,0.0,0.0,435.0,435.0,435.0,435.0,435.0,0.0,0.0,0.0,0.0,456.0,456.0,456.0,456.0,456.0,456.0,0.0,0.0,0.0,0.0,0.0,0.0,0.0,0.0,0.0,0.0,0.0,0.0,0.0,0.0,0.0,0.0,0.0,0.0
130,0.0,438.0,438.0,438.0,438.0,438.0,438.0,438.0,0.0,0.0,0.0,0.0,0.0,0.0,0.0,0.0,0.0,0.0,0.0,0.0,0.0,0.0,0.0,0.0,0.0,453.0,453.0,453.0,453.0,453.0,453.0,453.0,0.0,0.0,0.0,0.0,0.0,0.0,0.0,0.0,434.0,434.0,462.0,462.0,0.0,0.0,0.0,0.0,0.0,0.0,440.0,440.0,440.0,440.0,440.0,440.0,0.0,0.0,0.0,0.0,0.0,0.0,0.0,0.0,0.0,0.0,0.0,0.0,0.0,0.0,0.0,0.0,0.0,0.0,0.0,0.0,0.0,0.0,0.0,0.0,0.0,0.0,0.0,0.0,0.0,0.0,0.0,0.0,0.0,0.0,0.0,0.0,0.0,0.0,456.0,456.0,456.0,456.0,456.0,456.0,456.0,456.0,0.0,0.0,0.0,0.0,0.0,0.0,0.0,0.0,0.0,0.0,0.0,0.0,0.0,0.0,0.0,0.0,0.0
131,0.0,0.0,0.0,0.0,0.0,0.0,0.0,0.0,0.0,0.0,0.0,0.0,0.0,0.0,0.0,0.0,0.0,0.0,0.0,0.0,0.0,0.0,0.0,0.0,0.0,453.0,453.0,453.0,453.0,453.0,453.0,453.0,453.0,0.0,0.0,0.0,0.0,0.0,0.0,0.0,462.0,462.0,462.0,462.0,0.0,0.0,0.0,0.0,0.0,0.0,0.0,440.0,440.0,440.0,440.0,440.0,0.0,0.0,0.0,0.0,0.0,0.0,0.0,0.0,0.0,0.0,0.0,0.0,0.0,0.0,0.0,0.0,0.0,0.0,0.0,0.0,0.0,0.0,0.0,0.0,0.0,0.0,0.0,0.0,0.0,0.0,0.0,0.0,0.0,0.0,0.0,0.0,0.0,456.0,456.0,456.0,456.0,456.0,456.0,456.0,456.0,456.0,0.0,0.0,0.0,0.0,0.0,0.0,0.0,0.0,0.0,0.0,0.0,0.0,0.0,0.0,0.0,0.0,0.0
132,0.0,0.0,0.0,0.0,0.0,0.0,0.0,0.0,470.0,470.0,470.0,470.0,470.0,0.0,0.0,0.0,0.0,0.0,0.0,0.0,0.0,0.0,0.0,0.0,0.0,453.0,453.0,453.0,453.0,453.0,453.0,453.0,453.0,0.0,0.0,0.0,0.0,0.0,0.0,0.0,462.0,462.0,462.0,462.0,462.0,0.0,0.0,0.0,0.0,0.0,0.0,0.0,0.0,471.0,471.0,471.0,471.0,471.0,0.0,0.0,0.0,0.0,0.0,0.0,0.0,0.0,0.0,0.0,0.0,0.0,0.0,0.0,0.0,0.0,0.0,0.0,0.0,0.0,0.0,0.0,467.0,467.0,467.0,467.0,467.0,0.0,0.0,0.0,0.0,0.0,0.0,0.0,0.0,456.0,456.0,456.0,456.0,456.0,456.0,456.0,456.0,456.0,0.0,0.0,0.0,0.0,0.0,0.0,0.0,0.0,0.0,0.0,0.0,0.0,0.0,0.0,0.0,0.0,0.0
133,0.0,0.0,0.0,0.0,0.0,0.0,0.0,0.0,470.0,470.0,470.0,470.0,470.0,470.0,0.0,0.0,0.0,0.0,0.0,0.0,0.0,0.0,0.0,0.0,0.0,453.0,453.0,453.0,453.0,453.0,453.0,453.0,453.0,0.0,0.0,0.0,0.0,0.0,0.0,462.0,462.0,462.0,462.0,462.0,462.0,0.0,0.0,0.0,0.0,0.0,0.0,0.0,0.0,471.0,471.0,471.0,471.0,471.0,471.0,0.0,0.0,0.0,0.0,0.0,0.0,0.0,0.0,0.0,0.0,0.0,0.0,0.0,0.0,0.0,0.0,0.0,0.0,0.0,0.0,467.0,467.0,467.0,467.0,467.0,467.0,0.0,0.0,0.0,0.0,0.0,0.0,0.0,0.0,456.0,456.0,456.0,456.0,456.0,456.0,456.0,456.0,456.0,0.0,0.0,0.0,0.0,0.0,0.0,0.0,0.0,0.0,0.0,0.0,0.0,0.0,0.0,0.0,0.0,0.0
134,0.0,0.0,0.0,0.0,0.0,0.0,0.0,470.0,470.0,470.0,470.0,470.0,470.0,470.0,0.0,0.0,0.0,0.0,0.0,0.0,0.0,0.0,0.0,0.0,0.0,0.0,453.0,453.0,453.0,453.0,453.0,453.0,0.0,0.0,0.0,0.0,0.0,0.0,0.0,462.0,462.0,462.0,462.0,462.0,462.0,462.0,0.0,0.0,0.0,0.0,0.0,0.0,471.0,471.0,471.0,471.0,471.0,471.0,471.0,471.0,0.0,0.0,0.0,0.0,0.0,0.0,0.0,0.0,0.0,0.0,0.0,478.0,478.0,478.0,0.0,0.0,0.0,472.0,467.0,467.0,467.0,467.0,467.0,467.0,467.0,0.0,0.0,0.0,0.0,0.0,0.0,0.0,0.0,456.0,456.0,456.0,456.0,456.0,456.0,456.0,456.0,456.0,0.0,0.0,0.0,0.0,0.0,0.0,0.0,0.0,0.0,0.0,0.0,0.0,0.0,0.0,0.0,0.0,0.0
135,0.0,0.0,0.0,0.0,0.0,0.0,470.0,470.0,470.0,470.0,470.0,470.0,470.0,470.0,0.0,0.0,0.0,0.0,0.0,0.0,0.0,0.0,0.0,0.0,0.0,0.0,453.0,453.0,453.0,453.0,453.0,0.0,0.0,0.0,0.0,0.0,0.0,0.0,0.0,462.0,462.0,462.0,462.0,462.0,462.0,462.0,0.0,0.0,0.0,0.0,0.0,0.0,471.0,471.0,471.0,471.0,471.0,471.0,471.0,471.0,0.0,0.0,0.0,0.0,0.0,0.0,0.0,0.0,0.0,478.0,478.0,478.0,478.0,478.0,478.0,478.0,472.0,472.0,467.0,467.0,467.0,467.0,467.0,467.0,467.0,467.0,0.0,0.0,0.0,0.0,0.0,0.0,0.0,456.0,456.0,456.0,456.0,456.0,456.0,456.0,456.0,456.0,0.0,0.0,0.0,0.0,0.0,0.0,0.0,0.0,0.0,0.0,0.0,0.0,479.0,479.0,479.0,479.0,479.0
136,0.0,0.0,0.0,0.0,0.0,0.0,470.0,470.0,470.0,470.0,470.0,470.0,470.0,470.0,0.0,0.0,0.0,0.0,0.0,0.0,0.0,0.0,0.0,0.0,0.0,0.0,0.0,0.0,0.0,0.0,0.0,0.0,0.0,0.0,0.0,0.0,0.0,0.0,0.0,462.0,462.0,462.0,462.0,462.0,462.0,462.0,0.0,0.0,0.0,0.0,0.0,0.0,471.0,471.0,471.0,471.0,471.0,471.0,471.0,471.0,0.0,0.0,0.0,0.0,0.0,0.0,0.0,0.0,478.0,478.0,478.0,478.0,478.0,478.0,478.0,478.0,472.0,472.0,467.0,467.0,467.0,467.0,467.0,467.0,467.0,467.0,0.0,0.0,0.0,0.0,0.0,0.0,0.0,0.0,456.0,456.0,456.0,456.0,456.0,456.0,0.0,0.0,0.0,0.0,0.0,0.0,0.0,0.0,0.0,0.0,0.0,0.0,0.0,479.0,479.0,479.0,479.0,479.0,479.0
137,0.0,0.0,0.0,0.0,0.0,0.0,470.0,470.0,470.0,470.0,470.0,470.0,470.0,470.0,0.0,0.0,0.0,0.0,0.0,0.0,0.0,0.0,0.0,0.0,487.0,487.0,487.0,487.0,0.0,0.0,0.0,0.0,0.0,0.0,0.0,0.0,0.0,0.0,0.0,0.0,462.0,462.0,462.0,462.0,462.0,0.0,0.0,0.0,0.0,0.0,0.0,0.0,471.0,471.0,471.0,471.0,471.0,471.0,471.0,471.0,0.0,0.0,0.0,0.0,0.0,0.0,0.0,0.0,478.0,478.0,478.0,478.0,478.0,478.0,478.0,478.0,478.0,472.0,467.0,467.0,467.0,467.0,467.0,467.0,467.0,467.0,0.0,0.0,0.0,0.0,0.0,0.0,0.0,0.0,0.0,456.0,456.0,456.0,456.0,0.0,0.0,0.0,0.0,0.0,0.0,0.0,0.0,0.0,0.0,0.0,0.0,0.0,0.0,479.0,479.0,479.0,479.0,479.0,479.0
138,0.0,0.0,0.0,0.0,0.0,0.0,470.0,470.0,470.0,470.0,470.0,470.0,470.0,470.0,0.0,0.0,0.0,0.0,0.0,0.0,0.0,0.0,487.0,487.0,487.0,487.0,487.0,487.0,0.0,0.0,0.0,0.0,0.0,0.0,0.0,0.0,0.0,0.0,0.0,0.0,0.0,0.0,0.0,0.0,0.0,0.0,0.0,0.0,0.0,0.0,0.0,0.0,471.0,471.0,471.0,471.0,471.0,471.0,471.0,471.0,0.0,0.0,0.0,0.0,0.0,0.0,0.0,0.0,478.0,478.0,478.0,478.0,478.0,478.0,478.0,478.0,478.0,0.0,0.0,467.0,467.0,467.0,467.0,467.0,467.0,0.0,0.0,0.0,0.0,0.0,0.0,0.0,0.0,0.0,0.0,0.0,0.0,0.0,0.0,0.0,0.0,0.0,0.0,0.0,0.0,0.0,0.0,0.0,0.0,0.0,0.0,0.0,0.0,479.0,479.0,479.0,479.0,479.0,479.0
139,0.0,0.0,0.0,0.0,0.0,0.0,0.0,470.0,470.0,470.0,470.0,470.0,470.0,0.0,0.0,0.0,0.0,0.0,0.0,0.0,0.0,487.0,487.0,487.0,487.0,487.0,487.0,487.0,487.0,0.0,0.0,0.0,0.0,0.0,0.0,0.0,0.0,0.0,502.0,502.0,502.0,502.0,0.0,0.0,0.0,0.0,0.0,0.0,499.0,499.0,499.0,499.0,499.0,471.0,471.0,471.0,471.0,471.0,471.0,471.0,0.0,0.0,0.0,0.0,0.0,0.0,0.0,0.0,478.0,478.0,478.0,478.0,478.0,478.0,478.0,478.0,478.0,0.0,0.0,0.0,467.0,467.0,467.0,0.0,0.0,0.0,0.0,0.0,0.0,0.0,0.0,0.0,0.0,0.0,0.0,0.0,0.0,0.0,0.0,0.0,0.0,0.0,0.0,0.0,0.0,0.0,0.0,0.0,0.0,0.0,0.0,0.0,0.0,479.0,479.0,479.0,479.0,479.0,479.0
140,0.0,0.0,0.0,0.0,0.0,0.0,0.0,0.0,0.0,0.0,0.0,0.0,0.0,0.0,0.0,0.0,0.0,0.0,0.0,0.0,0.0,487.0,487.0,487.0,487.0,487.0,487.0,487.0,487.0,0.0,0.0,0.0,0.0,0.0,0.0,0.0,0.0,502.0,502.0,502.0,502.0,502.0,0.0,0.0,0.0,0.0,0.0,499.0,499.0,499.0,499.0,499.0,499.0,499.0,0.0,0.0,0.0,0.0,0.0,0.0,0.0,0.0,0.0,0.0,0.0,0.0,0.0,0.0,0.0,478.0,478.0,478.0,478.0,478.0,478.0,478.0,0.0,0.0,0.0,0.0,0.0,0.0,0.0,0.0,0.0,0.0,0.0,0.0,0.0,0.0,0.0,0.0,0.0,0.0,0.0,0.0,0.0,0.0,0.0,0.0,0.0,0.0,0.0,0.0,0.0,0.0,0.0,0.0,0.0,0.0,0.0,0.0,0.0,479.0,479.0,479.0,479.0,479.0,479.0
141,0.0,0.0,0.0,0.0,0.0,0.0,0.0,0.0,0.0,0.0,0.0,0.0,0.0,0.0,0.0,0.0,0.0,0.0,0.0,0.0,0.0,487.0,487.0,487.0,487.0,487.0,487.0,487.0,487.0,0.0,0.0,0.0,0.0,0.0,0.0,502.0,502.0,502.0,502.0,502.0,502.0,502.0,0.0,0.0,0.0,0.0,499.0,499.0,499.0,499.0,499.0,499.0,499.0,499.0,0.0,0.0,0.0,0.0,0.0,0.0,0.0,0.0,0.0,0.0,0.0,0.0,0.0,0.0,0.0,478.0,478.0,478.0,478.0,478.0,478.0,478.0,0.0,0.0,0.0,0.0,0.0,0.0,0.0,0.0,0.0,0.0,0.0,0.0,0.0,0.0,0.0,0.0,0.0,0.0,0.0,0.0,0.0,0.0,0.0,0.0,0.0,0.0,0.0,0.0,0.0,0.0,0.0,0.0,0.0,0.0,0.0,0.0,0.0,0.0,479.0,479.0,479.0,479.0,479.0
142,0.0,0.0,0.0,0.0,0.0,0.0,0.0,0.0,0.0,0.0,0.0,0.0,0.0,0.0,0.0,0.0,0.0,0.0,0.0,0.0,0.0,0.0,487.0,487.0,487.0,487.0,487.0,487.0,487.0,0.0,0.0,0.0,0.0,0.0,0.0,502.0,502.0,502.0,502.0,502.0,502.0,502.0,0.0,0.0,0.0,0.0,499.0,499.0,499.0,499.0,499.0,499.0,499.0,499.0,0.0,0.0,0.0,0.0,0.0,0.0,0.0,0.0,0.0,0.0,0.0,0.0,0.0,0.0,510.0,510.0,478.0,478.0,478.0,478.0,478.0,0.0,0.0,0.0,0.0,0.0,0.0,0.0,0.0,0.0,0.0,0.0,0.0,0.0,0.0,0.0,0.0,511.0,511.0,511.0,511.0,511.0,0.0,0.0,0.0,0.0,0.0,0.0,0.0,0.0,0.0,0.0,0.0,0.0,0.0,0.0,0.0,0.0,0.0,0.0,479.0,479.0,479.0,479.0,479.0
143,0.0,0.0,514.0,514.0,514.0,0.0,0.0,0.0,0.0,0.0,0.0,0.0,0.0,0.0,0.0,0.0,0.0,0.0,0.0,0.0,0.0,0.0,0.0,487.0,487.0,487.0,487.0,487.0,487.0,0.0,0.0,0.0,0.0,0.0,0.0,502.0,502.0,502.0,502.0,502.0,502.0,502.0,502.0,0.0,0.0,0.0,499.0,499.0,499.0,499.0,499.0,499.0,499.0,499.0,0.0,0.0,0.0,0.0,0.0,0.0,0.0,0.0,0.0,0.0,0.0,0.0,0.0,510.0,510.0,510.0,510.0,478.0,478.0,0.0,0.0,0.0,0.0,0.0,0.0,0.0,0.0,0.0,0.0,0.0,0.0,0.0,0.0,0.0,0.0,0.0,511.0,511.0,511.0,511.0,511.0,511.0,511.0,0.0,0.0,0.0,0.0,0.0,0.0,0.0,0.0,0.0,0.0,0.0,0.0,0.0,0.0,0.0,0.0,0.0,0.0,0.0,0.0,0.0,0.0
144,0.0,514.0,514.0,514.0,514.0,514.0,0.0,0.0,0.0,0.0,0.0,0.0,0.0,0.0,0.0,0.0,515.0,515.0,515.0,515.0,0.0,0.0,0.0,487.0,487.0,487.0,487.0,487.0,0.0,0.0,0.0,0.0,0.0,0.0,0.0,502.0,502.0,502.0,502.0,502.0,502.0,502.0,502.0,0.0,0.0,0.0,499.0,499.0,499.0,499.0,499.0,499.0,499.0,499.0,0.0,0.0,0.0,0.0,0.0,0.0,0.0,0.0,0.0,0.0,0.0,0.0,510.0,510.0,510.0,510.0,510.0,510.0,0.0,0.0,0.0,0.0,0.0,0.0,0.0,0.0,0.0,0.0,0.0,0.0,0.0,0.0,0.0,0.0,0.0,0.0,511.0,511.0,511.0,511.0,511.0,511.0,511.0,511.0,0.0,0.0,0.0,0.0,0.0,0.0,0.0,0.0,0.0,0.0,0.0,0.0,0.0,0.0,0.0,0.0,0.0,0.0,0.0,0.0,0.0
145,0.0,514.0,514.0,514.0,514.0,514.0,514.0,0.0,0.0,0.0,0.0,0.0,0.0,0.0,0.0,515.0,515.0,515.0,515.0,515.0,515.0,0.0,0.0,487.0,487.0,487.0,0.0,0.0,0.0,0.0,0.0,0.0,0.0,0.0,0.0,502.0,502.0,502.0,502.0,502.0,502.0,502.0,502.0,0.0,0.0,0.0,499.0,499.0,499.0,499.0,499.0,499.0,499.0,499.0,0.0,0.0,0.0,0.0,0.0,0.0,0.0,0.0,0.0,0.0,0.0,0.0,510.0,510.0,510.0,510.0,510.0,510.0,510.0,0.0,0.0,0.0,0.0,0.0,0.0,0.0,0.0,0.0,0.0,0.0,0.0,0.0,0.0,0.0,0.0,511.0,511.0,511.0,511.0,511.0,511.0,511.0,511.0,511.0,0.0,0.0,0.0,0.0,522.0,522.0,522.0,522.0,522.0,0.0,0.0,0.0,0.0,0.0,0.0,0.0,0.0,0.0,0.0,0.0,0.0
146,514.0,514.0,514.0,514.0,514.0,514.0,514.0,0.0,0.0,0.0,0.0,0.0,0.0,0.0,515.0,515.0,515.0,515.0,515.0,515.0,515.0,515.0,0.0,0.0,0.0,0.0,0.0,0.0,0.0,0.0,0.0,0.0,535.0,535.0,535.0,502.0,502.0,502.0,502.0,502.0,502.0,0.0,0.0,0.0,0.0,0.0,0.0,0.0,499.0,499.0,499.0,499.0,499.0,0.0,0.0,0.0,0.0,527.0,527.0,527.0,527.0,527.0,0.0,0.0,0.0,0.0,510.0,510.0,510.0,510.0,510.0,510.0,510.0,0.0,0.0,0.0,0.0,0.0,0.0,0.0,0.0,0.0,0.0,0.0,0.0,0.0,0.0,0.0,0.0,511.0,511.0,511.0,511.0,511.0,511.0,511.0,511.0,511.0,0.0,0.0,0.0,522.0,522.0,522.0,522.0,522.0,522.0,522.0,0.0,0.0,0.0,528.0,528.0,528.0,528.0,528.0,528.0,0.0,0.0
147,514.0,514.0,514.0,514.0,514.0,514.0,514.0,0.0,0.0,0.0,0.0,0.0,0.0,0.0,515.0,515.0,515.0,515.0,515.0,515.0,515.0,515.0,0.0,0.0,0.0,0.0,0.0,0.0,0.0,535.0,535.0,535.0,535.0,535.0,535.0,535.0,502.0,502.0,502.0,502.0,0.0,0.0,0.0,0.0,0.0,0.0,0.0,0.0,0.0,0.0,0.0,0.0,0.0,0.0,0.0,0.0,0.0,527.0,527.0,527.0,527.0,527.0,527.0,0.0,0.0,0.0,510.0,510.0,510.0,510.0,510.0,510.0,510.0,0.0,0.0,0.0,0.0,0.0,0.0,0.0,0.0,0.0,0.0,0.0,0.0,0.0,0.0,0.0,0.0,511.0,511.0,511.0,511.0,511.0,511.0,511.0,511.0,511.0,0.0,0.0,0.0,522.0,522.0,522.0,522.0,522.0,522.0,522.0,0.0,0.0,0.0,528.0,528.0,528.0,528.0,528.0,528.0,528.0,0.0
148,514.0,514.0,514.0,514.0,514.0,514.0,514.0,0.0,0.0,0.0,0.0,0.0,0.0,0.0,515.0,515.0,515.0,515.0,515.0,515.0,515.0,515.0,0.0,0.0,0.0,0.0,0.0,0.0,0.0,535.0,535.0,535.0,535.0,535.0,535.0,535.0,0.0,0.0,0.0,0.0,0.0,0.0,0.0,0.0,0.0,0.0,0.0,0.0,0.0,0.0,0.0,0.0,0.0,0.0,0.0,0.0,527.0,527.0,527.0,527.0,527.0,527.0,527.0,527.0,0.0,0.0,510.0,510.0,510.0,510.0,510.0,510.0,510.0,0.0,0.0,0.0,0.0,0.0,0.0,0.0,0.0,0.0,0.0,0.0,546.0,546.0,546.0,0.0,0.0,511.0,511.0,511.0,511.0,511.0,511.0,511.0,511.0,0.0,0.0,0.0,0.0,522.0,522.0,522.0,522.0,522.0,522.0,522.0,0.0,0.0,0.0,528.0,528.0,528.0,528.0,528.0,528.0,528.0,528.0
149,514.0,514.0,514.0,514.0,514.0,514.0,514.0,0.0,0.0,0.0,0.0,0.0,0.0,0.0,515.0,515.0,515.0,515.0,515.0,515.0,515.0,515.0,0.0,0.0,0.0,0.0,0.0,0.0,535.0,535.0,535.0,535.0,535.0,535.0,535.0,535.0,0.0,0.0,0.0,0.0,0.0,0.0,0.0,0.0,0.0,0.0,0.0,0.0,0.0,0.0,0.0,0.0,0.0,0.0,0.0,0.0,527.0,527.0,527.0,527.0,527.0,527.0,527.0,527.0,0.0,0.0,0.0,510.0,510.0,510.0,510.0,0.0,0.0,0.0,0.0,0.0,0.0,0.0,0.0,0.0,0.0,0.0,0.0,546.0,546.0,546.0,546.0,546.0,546.0,546.0,511.0,511.0,511.0,511.0,511.0,511.0,0.0,0.0,0.0,0.0,0.0,522.0,522.0,522.0,522.0,522.0,522.0,522.0,0.0,0.0,0.0,528.0,528.0,528.0,528.0,528.0,528.0,528.0,528.0
150,514.0,514.0,514.0,514.0,514.0,514.0,0.0,0.0,0.0,0.0,0.0,0.0,0.0,0.0,515.0,515.0,515.0,515.0,515.0,515.0,515.0,0.0,0.0,0.0,0.0,0.0,0.0,0.0,535.0,535.0,535.0,535.0,535.0,535.0,535.0,535.0,0.0,0.0,0.0,0.0,0.0,0.0,0.0,0.0,0.0,0.0,0.0,0.0,0.0,0.0,0.0,0.0,0.0,0.0,0.0,0.0,527.0,527.0,527.0,527.0,527.0,527.0,527.0,527.0,0.0,0.0,0.0,0.0,0.0,0.0,0.0,0.0,0.0,0.0,549.0,549.0,549.0,549.0,0.0,0.0,0.0,0.0,0.0,546.0,546.0,546.0,546.0,546.0,546.0,546.0,0.0,0.0,511.0,511.0,511.0,0.0,0.0,0.0,0.0,0.0,0.0,522.0,522.0,522.0,522.0,522.0,522.0,522.0,0.0,0.0,0.0,528.0,528.0,528.0,528.0,528.0,528.0,528.0,528.0
151,0.0,0.0,514.0,514.0,514.0,559.0,559.0,0.0,0.0,0.0,0.0,0.0,0.0,0.0,0.0,0.0,515.0,515.0,515.0,515.0,0.0,0.0,0.0,0.0,0.0,0.0,0.0,0.0,535.0,535.0,535.0,535.0,535.0,535.0,535.0,535.0,0.0,0.0,0.0,0.0,545.0,545.0,545.0,545.0,545.0,0.0,0.0,0.0,0.0,0.0,0.0,0.0,0.0,0.0,0.0,0.0,527.0,527.0,527.0,527.0,527.0,527.0,527.0,527.0,0.0,0.0,0.0,0.0,0.0,0.0,0.0,0.0,549.0,549.0,549.0,549.0,549.0,549.0,549.0,0.0,0.0,0.0,546.0,546.0,546.0,546.0,546.0,546.0,546.0,546.0,0.0,0.0,0.0,0.0,0.0,0.0,0.0,0.0,0.0,0.0,0.0,0.0,522.0,522.0,522.0,522.0,522.0,522.0,0.0,0.0,0.0,528.0,528.0,528.0,528.0,528.0,528.0,528.0,528.0
152,0.0,0.0,0.0,0.0,559.0,559.0,559.0,559.0,559.0,0.0,0.0,0.0,0.0,0.0,0.0,0.0,0.0,0.0,0.0,0.0,0.0,0.0,0.0,0.0,0.0,0.0,0.0,0.0,0.0,535.0,535.0,535.0,535.0,535.0,535.0,0.0,0.0,0.0,0.0,0.0,545.0,545.0,545.0,545.0,545.0,545.0,0.0,0.0,0.0,0.0,560.0,560.0,560.0,560.0,0.0,0.0,527.0,527.0,527.0,527.0,527.0,527.0,527.0,0.0,0.0,0.0,0.0,0.0,0.0,0.0,0.0,0.0,549.0,549.0,549.0,549.0,549.0,549.0,549.0,0.0,0.0,0.0,546.0,546.0,546.0,546.0,546.0,546.0,546.0,546.0,0.0,0.0,0.0,0.0,0.0,0.0,0.0,0.0,0.0,0.0,0.0,0.0,0.0,0.0,0.0,0.0,0.0,0.0,0.0,0.0,0.0,528.0,528.0,528.0,528.0,528.0,528.0,528.0,528.0
153,0.0,0.0,0.0,559.0,559.0,559.0,559.0,559.0,559.0,559.0,0.0,0.0,0.0,0.0,0.0,0.0,0.0,0.0,0.0,0.0,0.0,0.0,0.0,0.0,0.0,0.0,0.0,0.0,566.0,566.0,535.0,535.0,535.0,535.0,0.0,0.0,0.0,0.0,0.0,0.0,545.0,545.0,545.0,545.0,545.0,545.0,0.0,0.0,0.0,560.0,560.0,560.0,560.0,560.0,0.0,0.0,0.0,0.0,527.0,527.0,527.0,527.0,0.0,0.0,0.0,0.0,0.0,0.0,0.0,0.0,0.0,0.0,549.0,549.0,549.0,549.0,549.0,549.0,549.0,0.0,0.0,0.0,546.0,546.0,546.0,546.0,546.0,546.0,546.0,546.0,0.0,0.0,0.0,0.0,0.0,0.0,0.0,0.0,567.0,567.0,567.0,567.0,567.0,0.0,0.0,0.0,0.0,0.0,0.0,0.0,0.0,0.0,528.0,528.0,528.0,528.0,528.0,528.0,0.0
154,0.0,0.0,0.0,559.0,559.0,559.0,559.0,559.0,559.0,559.0,559.0,0.0,0.0,0.0,0.0,0.0,0.0,0.0,0.0,0.0,0.0,0.0,0.0,0.0,0.0,0.0,566.0,566.0,566.0,566.0,566.0,0.0,0.0,0.0,0.0,0.0,0.0,0.0,0.0,0.0,0.0,0.0,0.0,545.0,545.0,545.0,0.0,0.0,560.0,560.0,560.0,560.0,560.0,563.0,563.0,563.0,0.0,0.0,0.0,0.0,0.0,0.0,0.0,0.0,0.0,0.0,0.0,0.0,0.0,0.0,0.0,0.0,549.0,549.0,549.0,549.0,549.0,549.0,549.0,0.0,0.0,0.0,0.0,546.0,546.0,546.0,546.0,546.0,546.0,0.0,0.0,0.0,0.0,0.0,0.0,0.0,567.0,567.0,567.0,567.0,567.0,567.0,567.0,0.0,0.0,0.0,0.0,0.0,0.0,0.0,0.0,0.0,0.0,0.0,0.0,0.0,0.0,0.0,0.0
155,0.0,0.0,0.0,559.0,559.0,559.0,559.0,559.0,559.0,559.0,559.0,0.0,0.0,0.0,572.0,572.0,572.0,572.0,572.0,0.0,0.0,0.0,0.0,0.0,0.0,566.0,566.0,566.0,566.0,566.0,566.0,0.0,0.0,0.0,0.0,0.0,0.0,0.0,0.0,0.0,0.0,0.0,0.0,545.0,545.0,545.0,0.0,0.0,560.0,560.0,560.0,560.0,560.0,563.0,563.0,563.0,0.0,0.0,0.0,0.0,0.0,0.0,0.0,0.0,0.0,0.0,0.0,0.0,0.0,0.0,0.0,0.0,549.0,549.0,549.0,549.0,549.0,549.0,549.0,0.0,0.0,0.0,0.0,0.0,546.0,546.0,546.0,546.0,546.0,0.0,0.0,0.0,0.0,0.0,0.0,0.0,567.0,567.0,567.0,567.0,567.0,567.0,567.0,567.0,0.0,0.0,0.0,0.0,0.0,0.0,0.0,0.0,0.0,0.0,0.0,0.0,0.0,0.0,0.0
